Rank,Name,Team,Salary,Season
1,Stephen Curry,Gsw,48070014.0,2022-2023
2,LeBron James,Lal,44474988.0,2022-2023
3,Kevin Durant,Phx,44119845.0,2022-2023
4,Bradley Beal,Was,43279250.0,2022-2023
5,Giannis Antetokounmpo,Mil,42492492.0,2022-2023
6,Damian Lillard,Por,42492492.0,2022-2023
7,Kawhi Leonard,Lac,42492492.0,2022-2023
8,Paul George,Lac,42492492.0,2022-2023
9,Klay Thompson,Gsw,40600080.0,2022-2023
10,Kyrie Irving,Dal,38917057.0,2022-2023
11,Rudy Gobert,Min,38172414.0,2022-2023
12,Anthony Davis,Lal,37980720.0,2022-2023
13,Khris Middleton,Mil,37948276.0,2022-2023
14,Jimmy Butler III,Mia,37653300.0,2022-2023
15,Tobias Harris,Phi,37633050.0,2022-2023
16,Zach LaVine,Chi,37096500.0,2022-2023
17,Luka Doncic,Dal,37095000.0,2022-2023
18,Trae Young,Atl,37095000.0,2022-2023
19,Ben Simmons,Bkn,35448672.0,2022-2023
20,Pascal Siakam,Tor,35448672.0,2022-2023
21,Myles Turner,Ind,35096500.0,2022-2023
22,Devin Booker,Phx,33833400.0,2022-2023
23,Karl-Anthony Towns,Min,33833400.0,2022-2023
24,Kristaps Porzingis,Was,33833400.0,2022-2023
25,Jrue Holiday,Mil,33665040.0,2022-2023
26,Joel Embiid,Phi,33616770.0,2022-2023
27,Andrew Wiggins,Gsw,33616770.0,2022-2023
28,CJ McCollum,Nop,33333333.0,2022-2023
29,Nikola Jokic,Den,33047804.0,2022-2023
30,James Harden,Phi,33000000.0,2022-2023
31,Brandon Ingram,Nop,31650600.0,2022-2023
32,Jamal Murray,Den,31650000.0,2022-2023
33,D'Angelo Russell,Lal,31377750.0,2022-2023
34,Shai Gilgeous-Alexander,Okc,30913750.0,2022-2023
35,Deandre Ayton,Phx,30913750.0,2022-2023
36,Michael Porter Jr.,Den,30913750.0,2022-2023
37,Donovan Mitchell,Cle,30913750.0,2022-2023
38,Bam Adebayo,Mia,30351780.0,2022-2023
39,Gordon Hayward,Cha,30075000.0,2022-2023
40,Jaren Jackson Jr.,Mem,28946605.0,2022-2023
41,Jaylen Brown,Bos,28741071.0,2022-2023
42,Chris Paul,Phx,28400000.0,2022-2023
43,Kyle Lowry,Mia,28333334.0,2022-2023
44,De'Aaron Fox,Sac,28103550.0,2022-2023
45,Jayson Tatum,Bos,28103500.0,2022-2023
46,Jalen Brunson,Nyk,27733332.0,2022-2023
47,DeMar DeRozan,Chi,27300000.0,2022-2023
48,Al Horford,Bos,26500000.0,2022-2023
49,Draymond Green,Gsw,25806468.0,2022-2023
50,Julius Randle,Nyk,23760000.0,2022-2023
51,John Collins,Atl,23500000.0,2022-2023
52,Buddy Hield,Ind,22768890.0,2022-2023
53,Mike Conley,Min,22680000.0,2022-2023
54,Malcolm Brogdon,Bos,22600000.0,2022-2023
55,Anfernee Simons,Por,22321429.0,2022-2023
56,Nikola Vucevic,Chi,22000000.0,2022-2023
57,Terry Rozier,Cha,21486283.0,2022-2023
58,Fred VanVleet,Tor,21250000.0,2022-2023
59,Jerami Grant,Por,20955000.0,2022-2023
60,Mikal Bridges,Bkn,20100000.0,2022-2023
61,Jarrett Allen,Cle,20000000.0,2022-2023
62,Aaron Gordon,Den,19690909.0,2022-2023
63,Tim Hardaway Jr.,Dal,19602273.0,2022-2023
64,Bojan Bogdanovic,Det,19550000.0,2022-2023
65,Lonzo Ball,Cle,19534884.0,2022-2023
66,Spencer Dinwiddie,Bkn,19500000.0,2022-2023
67,Eric Bledsoe,Por,19375000.0,2022-2023
68,Caris LeVert,Cle,18796296.0,2022-2023
69,Clint Capela,Atl,18706896.0,2022-2023
70,Joe Harris,Bkn,18642857.0,2022-2023
71,Domantas Sabonis,Sac,18500000.0,2022-2023
72,Harrison Barnes,Sac,18352273.0,2022-2023
73,Evan Fournier,Nyk,18000000.0,2022-2023
74,Bogdan Bogdanovic,Atl,18000000.0,2022-2023
75,Steven Adams,Mem,17926829.0,2022-2023
76,Gary Trent Jr.,Tor,17505000.0,2022-2023
77,Jonathan Isaac,Orl,17400000.0,2022-2023
78,OG Anunoby,Tor,17357143.0,2022-2023
79,Marcus Smart,Bos,17207141.0,2022-2023
80,Mitchell Robinson,Nyk,17045454.0,2022-2023
81,Duncan Robinson,Mia,16902000.0,2022-2023
82,Derrick White,Bos,16892857.0,2022-2023
83,Norman Powell,Lac,16758621.0,2022-2023
84,Dejounte Murray,Atl,16571120.0,2022-2023
85,Collin Sexton,Uta,16500000.0,2022-2023
86,Markelle Fultz,Orl,16500000.0,2022-2023
87,Lauri Markkanen,Uta,16475454.0,2022-2023
88,Marcus Morris Sr.,Lac,16372093.0,2022-2023
89,Davis Bertans,Dal,16000000.0,2022-2023
90,Jusuf Nurkic,Por,15625000.0,2022-2023
91,Malik Beasley,Lal,15558035.0,2022-2023
92,Luguentz Dort,Okc,15277778.0,2022-2023
93,Jonas Valanciunas,Nop,14700000.0,2022-2023
94,Kevin Huerter,Sac,14508929.0,2022-2023
95,Luke Kennard,Mem,14415545.0,2022-2023
96,Christian Wood,Dal,14317460.0,2022-2023
97,Wendell Carter Jr.,Orl,14150000.0,2022-2023
98,Kentavious Caldwell-Pope,Den,14004703.0,2022-2023
99,Brook Lopez,Mil,13906976.0,2022-2023
100,Doug McDermott,Sas,13750000.0,2022-2023
101,Zion Williamson,Nop,13534817.0,2022-2023
102,Jordan Clarkson,Uta,13340000.0,2022-2023
103,Kyle Kuzma,Was,13000000.0,2022-2023
104,Gary Harris,Orl,13000000.0,2022-2023
105,Josh Hart,Nyk,12960000.0,2022-2023
106,Dorian Finney-Smith,Bkn,12939648.0,2022-2023
107,Chris Boucher,Tor,12690000.0,2022-2023
108,Kelly Oubre Jr.,Cha,12600000.0,2022-2023
109,Marvin Bagley III,Det,12500000.0,2022-2023
110,Robert Covington,Lac,12307692.0,2022-2023
111,Kelly Olynyk,Uta,12195122.0,2022-2023
112,Josh Richardson,Nop,11615328.0,2022-2023
113,Devonte' Graham,Sas,11550000.0,2022-2023
114,Dillon Brooks,Mem,11400000.0,2022-2023
115,Richaun Holmes,Sac,11215260.0,2022-2023
116,Dwight Powell,Dal,11080125.0,2022-2023
117,Paolo Banchero,Orl,11055120.0,2022-2023
118,Robert Williams III,Bos,10937502.0,2022-2023
119,RJ Barrett,Nyk,10900635.0,2022-2023
120,Nicolas Batum,Lac,10843350.0,2022-2023
121,Bobby Portis,Mil,10843350.0,2022-2023
122,Anthony Edwards,Min,10733400.0,2022-2023
123,Cade Cunningham,Det,10552800.0,2022-2023
124,P.J. Tucker,Phi,10490000.0,2022-2023
125,Mo Bamba,Lal,10300000.0,2022-2023
126,Talen Horton-Tucker,Uta,10260000.0,2022-2023
127,Derrick Favors,Chi,10183800.0,2022-2023
128,Jae Crowder,Mil,10183000.0,2022-2023
129,Ivica Zubac,Lac,10123457.0,2022-2023
130,Alec Burks,Det,10012800.0,2022-2023
131,Reggie Bullock Jr.,Dal,10012800.0,2022-2023
132,Chet Holmgren,Okc,9891240.0,2022-2023
133,De'Andre Hunter,Atl,9835881.0,2022-2023
134,Larry Nance Jr.,Nop,9672727.0,2022-2023
135,Ja Morant,Mem,9603360.0,2022-2023
136,James Wiseman,Det,9603360.0,2022-2023
137,Landry Shamet,Phx,9500000.0,2022-2023
138,Malik Monk,Sac,9472219.0,2022-2023
139,Jalen Green,Hou,9441840.0,2022-2023
140,Jakob Poeltl,Tor,9398148.0,2022-2023
141,Nerlens Noel,Bkn,9240000.0,2022-2023
142,Dario Saric,Okc,9240000.0,2022-2023
143,Royce O'Neale,Bkn,9200000.0,2022-2023
144,Monte Morris,Was,9125000.0,2022-2023
145,Mason Plumlee,Lac,9080417.0,2022-2023
146,Alex Caruso,Chi,9030000.0,2022-2023
147,Maxi Kleber,Dal,9000000.0,2022-2023
148,Darius Garland,Cle,8920795.0,2022-2023
149,Jabari Smith Jr.,Hou,8882640.0,2022-2023
150,Kyle Anderson,Min,8780488.0,2022-2023
151,Victor Oladipo,Mia,8750000.0,2022-2023
152,Daniel Theis,Ind,8694369.0,2022-2023
153,LaMelo Ball,Cha,8623920.0,2022-2023
154,Grayson Allen,Mil,8500000.0,2022-2023
155,Nic Claxton,Bkn,8500000.0,2022-2023
156,Seth Curry,Bkn,8496500.0,2022-2023
157,Evan Mobley,Cle,8478720.0,2022-2023
158,Gary Payton II,Gsw,8300000.0,2022-2023
159,De'Anthony Melton,Phi,8250000.0,2022-2023
160,T.J. McConnell,Ind,8100000.0,2022-2023
161,Keegan Murray,Sac,8008440.0,2022-2023
162,Thaddeus Young,Tor,8000000.0,2022-2023
163,Taurean Prince,Min,8000000.0,2022-2023
164,Kevon Looney,Gsw,8000000.0,2022-2023
165,Isaiah Hartenstein,Nyk,7804879.0,2022-2023
166,Delon Wright,Was,7804878.0,2022-2023
167,Patrick Williams,Chi,7775400.0,2022-2023
168,Scottie Barnes,Tor,7644720.0,2022-2023
169,Cedi Osman,Cle,7426088.0,2022-2023
170,Coby White,Chi,7413955.0,2022-2023
171,Aron Baynes,Tor,7350000.0,2022-2023
172,Zach Collins,Sas,7350000.0,2022-2023
173,Jaden Ivey,Det,7252200.0,2022-2023
174,Jae'Sean Tate,Hou,7065217.0,2022-2023
175,Isaac Okoro,Cle,7040880.0,2022-2023
176,Cody Martin,Cha,7000000.0,2022-2023
177,Jalen Suggs,Orl,6922320.0,2022-2023
178,Jaxson Hayes,Nop,6803012.0,2022-2023
179,Khem Birch,Tor,6667500.0,2022-2023
180,Bennedict Mathurin,Ind,6586800.0,2022-2023
181,Bruce Brown,Den,6479000.0,2022-2023
182,Joe Ingles,Mil,6479000.0,2022-2023
183,Lonnie Walker IV,Lal,6479000.0,2022-2023
184,Danilo Gallinari,Mil,6479000.0,2022-2023
185,Caleb Martin,Mia,6479000.0,2022-2023
186,Patty Mills,Bkn,6479000.0,2022-2023
187,John Wall,Lac,6479000.0,2022-2023
188,Onyeka Okongwu,Atl,6395160.0,2022-2023
189,Jarrett Culver,Atl,6395160.0,2022-2023
190,Josh Giddey,Okc,6287280.0,2022-2023
191,Rui Hachimura,Lal,6263188.0,2022-2023
192,Rudy Gay,Uta,6184500.0,2022-2023
193,Shaedon Sharpe,Por,6012960.0,2022-2023
194,Otto Porter Jr.,Tor,6000000.0,2022-2023
195,Cameron Payne,Phx,6000000.0,2022-2023
196,Cam Reddish,Por,5954454.0,2022-2023
197,Cameron Johnson,Bkn,5887899.0,2022-2023
198,Ricky Rubio,Cle,5853659.0,2022-2023
199,Kevin Knox II,Por,5845979.0,2022-2023
200,P.J. Washington,Cha,5808435.0,2022-2023
201,Jonathan Kuminga,Gsw,5739860.0,2022-2023
202,Pat Connaughton,Mil,5728393.0,2022-2023
203,Tyler Herro,Mia,5722116.0,2022-2023
204,Romeo Langford,Sas,5634257.0,2022-2023
205,Killian Hayes,Det,5572680.0,2022-2023
206,Dyson Daniels,Nop,5508600.0,2022-2023
207,JaVale McGee,Dal,5461219.0,2022-2023
208,Obi Toppin,Nyk,5348280.0,2022-2023
209,Franz Wagner,Orl,5258280.0,2022-2023
210,Kendrick Nunn,Was,5250000.0,2022-2023
211,Hamidou Diallo,Det,5200000.0,2022-2023
212,Cory Joseph,Det,5155500.0,2022-2023
213,Torrey Craig,Phx,5121951.0,2022-2023
214,Jeremy Sochan,Sas,5063520.0,2022-2023
215,David Nwaba,Okc,5022000.0,2022-2023
216,Nickeil Alexander-Walker,Min,5009633.0,2022-2023
217,Furkan Korkmaz,Phi,5000000.0,2022-2023
218,Dante Exum,Dal,5000000.0,2022-2023
219,Lou Williams,Atl,5000000.0,2022-2023
220,Deni Avdija,Was,4916160.0,2022-2023
221,Garrett Temple,Nop,4910000.0,2022-2023
222,Davion Mitchell,Sac,4833600.0,2022-2023
223,Johnny Davis,Was,4810320.0,2022-2023
224,Ish Smith,Den,4750000.0,2022-2023
225,Jalen Smith,Ind,4670160.0,2022-2023
226,Ziaire Williams,Mem,4591680.0,2022-2023
227,Ousmane Dieng,Okc,4569840.0,2022-2023
228,Maurice Harkless,Hou,4564980.0,2022-2023
229,Donte DiVincenzo,Gsw,4500000.0,2022-2023
230,Jeff Green,Den,4500000.0,2022-2023
231,Devin Vassell,Sas,4437000.0,2022-2023
232,Matisse Thybulle,Por,4379527.0,2022-2023
233,Jarred Vanderbilt,Lal,4374000.0,2022-2023
234,James Bouknight,Cha,4362240.0,2022-2023
235,Brandon Clarke,Mem,4343920.0,2022-2023
236,Jalen Williams,Okc,4341480.0,2022-2023
237,Grant Williams,Bos,4306281.0,2022-2023
238,Darius Bazley,Phx,4264629.0,2022-2023
239,Tyrese Haliburton,Ind,4215120.0,2022-2023
240,Nassir Little,Por,4171548.0,2022-2023
241,Joshua Primo,Sas,4144320.0,2022-2023
242,Jalen Duren,Det,4124280.0,2022-2023
243,Danuel House Jr.,Phi,4105000.0,2022-2023
244,Justise Winslow,Por,4097561.0,2022-2023
245,Dylan Windler,Cle,4037278.0,2022-2023
246,Chandler Hutchison,Phx,4019459.0,2022-2023
247,Kira Lewis Jr.,Nop,4004280.0,2022-2023
248,Terence Davis,Sac,4000000.0,2022-2023
249,George Hill,Ind,4000000.0,2022-2023
250,Chris Duarte,Ind,3936960.0,2022-2023
251,Ochai Agbaji,Uta,3918360.0,2022-2023
252,Alex Len,Sac,3918000.0,2022-2023
253,Jordan Poole,Gsw,3901399.0,2022-2023
254,Keldon Johnson,Sas,3873025.0,2022-2023
255,Aaron Nesmith,Ind,3804360.0,2022-2023
256,Mark Williams,Cha,3722040.0,2022-2023
257,Gabriel Deck,Okc,3676852.0,2022-2023
258,Cole Anthony,Orl,3613680.0,2022-2023
259,Sekou Doumbouya,Lal,3613680.0,2022-2023
260,Moses Moody,Gsw,3562200.0,2022-2023
261,Corey Kispert,Was,3552960.0,2022-2023
262,AJ Griffin,Atl,3536160.0,2022-2023
263,Mike Muscala,Bos,3500000.0,2022-2023
264,Georges Niang,Phi,3465000.0,2022-2023
265,Chuma Okeke,Orl,3433320.0,2022-2023
266,Isaiah Stewart,Det,3433320.0,2022-2023
267,Amir Coffey,Lac,3395062.0,2022-2023
268,Alperen Sengun,Hou,3375480.0,2022-2023
269,Tari Eason,Hou,3309160.0,2022-2023
270,Aleksej Pokusevski,Okc,3261480.0,2022-2023
271,Trey Burke,Okc,3243750.0,2022-2023
272,Kevin Porter Jr.,Hou,3217631.0,2022-2023
273,Trey Murphy III,Nop,3206640.0,2022-2023
274,Simone Fontecchio,Uta,3205128.0,2022-2023
275,Derrick Jones Jr.,Chi,3200000.0,2022-2023
276,Andre Drummond,Chi,3200000.0,2022-2023
277,Dalen Terry,Chi,3191400.0,2022-2023
278,Kevin Love,Mia,3114138.0,2022-2023
279,Josh Green,Dal,3098400.0,2022-2023
280,Jake LaRavia,Mem,3047640.0,2022-2023
281,Tre Mann,Okc,3046200.0,2022-2023
282,Jordan Nwora,Ind,3000000.0,2022-2023
283,Sterling Brown,Lal,3000000.0,2022-2023
284,Luka Samanic,Uta,2959080.0,2022-2023
285,Saddiq Bey,Atl,2959080.0,2022-2023
286,Malaki Branham,Sas,2925600.0,2022-2023
287,Kai Jones,Cha,2909040.0,2022-2023
288,Precious Achiuwa,Tor,2840160.0,2022-2023
289,Christian Braun,Den,2808600.0,2022-2023
290,Jalen Johnson,Atl,2792640.0,2022-2023
291,Tyrese Maxey,Phi,2726880.0,2022-2023
292,Bruno Fernando,Atl,2717391.0,2022-2023
293,Trey Lyles,Sac,2700000.0,2022-2023
294,Walker Kessler,Uta,2696400.0,2022-2023
295,Marc Gasol,Mem,2692991.0,2022-2023
296,Anthony Tolliver,Nop,2692991.0,2022-2023
297,Keon Johnson,Por,2681040.0,2022-2023
298,Charles Bassey,Sas,2600000.0,2022-2023
299,David Roddy,Mem,2588640.0,2022-2023
300,Isaiah Jackson,Ind,2573760.0,2022-2023
301,Zeke Nnaji,Den,2498760.0,2022-2023
302,MarJon Beauchamp,Mil,2485200.0,2022-2023
303,Usman Garuba,Hou,2471160.0,2022-2023
304,Montrezl Harrell,Phi,2463490.0,2022-2023
305,Willy Hernangomez,Nop,2443581.0,2022-2023
306,Blake Wesley,Sas,2385480.0,2022-2023
307,Josh Christopher,Hou,2372160.0,2022-2023
308,Leandro Bolmaro,Uta,2353320.0,2022-2023
309,Immanuel Quickley,Nyk,2316240.0,2022-2023
310,Wendell Moore Jr.,Min,2306520.0,2022-2023
311,John Konchar,Mem,2300000.0,2022-2023
312,Damian Jones,Uta,2298385.0,2022-2023
313,Quentin Grimes,Nyk,2277000.0,2022-2023
314,Andrew Nembhard,Ind,2244111.0,2022-2023
315,Nikola Jovic,Mia,2239920.0,2022-2023
316,Payton Pritchard,Bos,2239200.0,2022-2023
317,Vlatko Cancar,Den,2234359.0,2022-2023
318,Patrick Baldwin Jr.,Gsw,2226000.0,2022-2023
319,TyTy Washington Jr.,Hou,2210040.0,2022-2023
320,Bones Hyland,Lac,2201520.0,2022-2023
321,Bol Bol,Orl,2200000.0,2022-2023
322,Peyton Watson,Den,2193960.0,2022-2023
323,Marquese Chriss,Okc,2193920.0,2022-2023
324,Nik Stauskas,Ind,2193920.0,2022-2023
325,Udoka Azubuike,Uta,2174880.0,2022-2023
326,Jaden McDaniels,Min,2161440.0,2022-2023
327,Jordan McLaughlin,Min,2160000.0,2022-2023
328,Malachi Flynn,Tor,2145720.0,2022-2023
329,Cam Thomas,Bkn,2138160.0,2022-2023
330,Luke Kornet,Bos,2133278.0,2022-2023
331,Desmond Bane,Mem,2130240.0,2022-2023
332,Jahlil Okafor,Ind,2130023.0,2022-2023
333,Jaden Springer,Phi,2125200.0,2022-2023
334,Day'Ron Sharpe,Bkn,2109480.0,2022-2023
335,Jevon Carter,Mil,2100000.0,2022-2023
336,Santi Aldama,Mem,2094240.0,2022-2023
337,Frank Ntilikina,Dal,2036318.0,2022-2023
338,Tony Bradley,Chi,2036318.0,2022-2023
339,Jaylin Williams,Okc,2000000.0,2022-2023
340,Kenrich Williams,Okc,2000000.0,2022-2023
341,Abdel Nader,Melbourne Pnx,2000000.0,2022-2023
342,Danny Green,Cle,2000000.0,2022-2023
343,Caleb Houstan,Orl,2000000.0,2022-2023
344,Jeremiah Robinson-Earl,Okc,2000000.0,2022-2023
345,Garrison Mathews,Atl,2000000.0,2022-2023
346,Shake Milton,Phi,1977718.0,2022-2023
347,Edmond Sumner,Bkn,1968175.0,2022-2023
348,Jontay Porter,Tor,1950000.0,2022-2023
349,Denzel Valentine,Bos,1939350.0,2022-2023
350,Jalen McDaniels,Phi,1930681.0,2022-2023
351,Naz Reid,Min,1930681.0,2022-2023
352,Terance Mann,Lac,1930681.0,2022-2023
353,Jaylen Nowell,Min,1930681.0,2022-2023
354,Daniel Gafford,Was,1930681.0,2022-2023
355,Dean Wade,Cle,1930681.0,2022-2023
356,Lindy Waters III,Okc,1927896.0,2022-2023
357,Chimezie Metu,Sac,1910680.0,2022-2023
358,Davon Reed,Lal,1902133.0,2022-2023
359,Killian Tillie,Mem,1901625.0,2022-2023
360,Xavier Tillman,Mem,1901625.0,2022-2023
361,Theo Maledon,Cha,1900000.0,2022-2023
362,Wenyen Gabriel,Lal,1878720.0,2022-2023
363,Moritz Wagner,Orl,1878720.0,2022-2023
364,Keita Bates-Diop,Sas,1878720.0,2022-2023
365,Thanasis Antetokounmpo,Mil,1878720.0,2022-2023
366,Oshae Brissett,Ind,1846738.0,2022-2023
367,Juancho Hernangomez,Tor,1836090.0,2022-2023
368,Anthony Gill,Was,1836090.0,2022-2023
369,Isaiah Joe,Okc,1836090.0,2022-2023
370,Bismack Biyombo,Phx,1836090.0,2022-2023
371,Juan Toscano-Anderson,Uta,1836090.0,2022-2023
372,Matthew Dellavedova,Sac,1836090.0,2022-2023
373,Robin Lopez,Cle,1836090.0,2022-2023
374,Josh Okogie,Phx,1836090.0,2022-2023
375,Drew Eubanks,Por,1836090.0,2022-2023
376,Damion Lee,Phx,1836090.0,2022-2023
377,Dennis Smith Jr.,Cha,1836090.0,2022-2023
378,Dennis Schroder,Lal,1836090.0,2022-2023
379,Justin Jackson,Bos,1836090.0,2022-2023
380,Bryn Forbes,Min,1836090.0,2022-2023
381,T.J. Warren,Phx,1836090.0,2022-2023
382,Austin Rivers,Min,1836090.0,2022-2023
383,Thomas Bryant,Den,1836090.0,2022-2023
384,Udonis Haslem,Mia,1836090.0,2022-2023
385,Aaron Holiday,Atl,1836090.0,2022-2023
386,Frank Kaminsky,Hou,1836090.0,2022-2023
387,Rodney McGruder,Det,1836090.0,2022-2023
388,JaMychal Green,Gsw,1836090.0,2022-2023
389,Andre Iguodala,Gsw,1836090.0,2022-2023
390,Troy Brown Jr.,Lal,1836090.0,2022-2023
391,Ryan Arcidiacono,Por,1836090.0,2022-2023
392,Taj Gibson,Was,1836090.0,2022-2023
393,DeAndre Jordan,Den,1836090.0,2022-2023
394,Theo Pinson,Dal,1836090.0,2022-2023
395,Markieff Morris,Dal,1836090.0,2022-2023
396,Raul Neto,Cle,1836090.0,2022-2023
397,Matt Ryan,Min,1836090.0,2022-2023
398,Nathan Knight,Min,1836090.0,2022-2023
399,Svi Mykhailiuk,Cha,1836090.0,2022-2023
400,Noah Vonleh,Bos,1836090.0,2022-2023
401,Blake Griffin,Bos,1836090.0,2022-2023
402,Wesley Matthews,Mil,1836090.0,2022-2023
403,Wes Iwundu,Melbourne Pnx,1824003.0,2022-2023
404,Gabe Vincent,Mia,1815677.0,2022-2023
405,Max Strus,Mia,1815677.0,2022-2023
406,Javonte Green,Chi,1815677.0,2022-2023
407,Juwan Morgan,Lac,1815518.0,2022-2023
408,Herbert Jones,Nop,1785000.0,2022-2023
409,Nick Richards,Cha,1782621.0,2022-2023
410,Lamar Stevens,Cle,1782621.0,2022-2023
411,Vernon Carey Jr.,Was,1782621.0,2022-2023
412,Tre Jones,Sas,1782621.0,2022-2023
413,KZ Okpala,Sac,1782621.0,2022-2023
414,KJ Martin,Hou,1782621.0,2022-2023
415,Paul Reed,Phi,1782621.0,2022-2023
416,Miye Oni,Mem,1782621.0,2022-2023
417,Yogi Ferrell,Lac,1782621.0,2022-2023
418,Alen Smailagic,Gsw,1782621.0,2022-2023
419,Naji Marshall,Nop,1782621.0,2022-2023
420,Yuta Watanabe,Bkn,1762796.0,2022-2023
421,Khyri Thomas,Hou,1762796.0,2022-2023
422,Omer Yurtseven,Mia,1752638.0,2022-2023
423,Saben Lee,Phi,1752638.0,2022-2023
424,Devin Cannady,Orl,1752638.0,2022-2023
425,Luca Vildoza,Mil,1752638.0,2022-2023
426,Rayjon Tucker,Mil,1752638.0,2022-2023
427,Haywood Highsmith,Mia,1752638.0,2022-2023
428,Malik Fitts,Lac,1752638.0,2022-2023
429,Paul Watson,Okc,1701593.0,2022-2023
430,Charlie Brown Jr.,Mem,1701593.0,2022-2023
431,Kelan Martin,Nop,1701593.0,2022-2023
432,Mfiondu Kabengele,Bos,1701593.0,2022-2023
433,Sam Dekker,Tor,1669178.0,2022-2023
434,Jarrell Brantley,Uta,1669178.0,2022-2023
435,E'Twaun Moore,Orl,1669178.0,2022-2023
436,Solomon Hill,Nyk,1669178.0,2022-2023
437,Trevor Ariza,Lal,1669178.0,2022-2023
438,Semi Ojeleye,Lac,1669178.0,2022-2023
439,Kevin Pangos,Cle,1669178.0,2022-2023
440,Jabari Parker,Bos,1669178.0,2022-2023
441,Enes Freedom,Hou,1669178.0,2022-2023
442,Jericho Sims,Nyk,1639842.0,2022-2023
443,Kessler Edwards,Sac,1637966.0,2022-2023
444,Trevelin Queen,Ind,1637966.0,2022-2023
445,Isaiah Todd,Was,1575000.0,2022-2023
446,JT Thor,Cha,1563518.0,2022-2023
447,Jared Butler,Okc,1563518.0,2022-2023
448,Isaiah Livers,Det,1563518.0,2022-2023
449,Jason Preston,Lac,1563518.0,2022-2023
450,Aaron Wiggins,Okc,1563518.0,2022-2023
451,Miles McBride,Nyk,1563518.0,2022-2023
452,Duane Washington Jr.,Phx,1563518.0,2022-2023
453,Trendon Watford,Por,1563518.0,2022-2023
454,Daishen Nix,Hou,1563518.0,2022-2023
455,Austin Reaves,Lal,1563518.0,2022-2023
456,Brandon Boston,Lac,1563518.0,2022-2023
457,Jock Landale,Phx,1563518.0,2022-2023
458,Greg Brown III,Por,1563518.0,2022-2023
459,Marko Simonovic,Chi,1563518.0,2022-2023
460,Ayo Dosunmu,Chi,1563518.0,2022-2023
461,Terry Taylor,Chi,1563518.0,2022-2023
462,Jose Alvarado,Nop,1563518.0,2022-2023
463,Sam Hauser,Bos,1563518.0,2022-2023
464,Vit Krejci,Atl,1563518.0,2022-2023
465,Dalano Banton,Tor,1563318.0,2022-2023
466,Jahmi'us Ramsey,Tor,1517981.0,2022-2023
467,Daniel Oturu,Tor,1517981.0,2022-2023
468,Caleb Homesley,Was,1517981.0,2022-2023
469,Mamadi Diakite,Cle,1517981.0,2022-2023
470,Elijah Bryant,Mil,1517981.0,2022-2023
471,Deividas Sirvydis,Ind,1517981.0,2022-2023
472,Christian Koloko,Tor,1500000.0,2022-2023
473,Tyus Jones,Mem,1500000.0,2022-2023
474,Alize Johnson,Sas,1392896.0,2022-2023
475,Kemba Walker,Dal,1392896.0,2022-2023
476,Stanley Johnson,Sas,1245164.0,2022-2023
477,Kennedy Chandler,Mem,1200000.0,2022-2023
478,Alfonzo McKinnie,Chi,1090007.0,2022-2023
479,Bryce McGowens,Cha,1075000.0,2022-2023
480,Chima Moneke,Sac,1017781.0,2022-2023
481,Jabari Walker,Por,1017781.0,2022-2023
482,Josh Minott,Min,1017781.0,2022-2023
483,Tyrese Martin,Atl,1017781.0,2022-2023
484,Ryan Rollins,Gsw,1017781.0,2022-2023
485,Max Christie,Lal,1017781.0,2022-2023
486,Jaden Hardy,Dal,1017781.0,2022-2023
487,Kenneth Lofton Jr.,Mem,1000000.0,2022-2023
488,Luka Garza,Min,925258.0,2022-2023
489,Jordan Goodwin,Was,900000.0,2022-2023
490,Sam Merrill,Cle,850000.0,2022-2023
491,Kris Dunn,Uta,735819.0,2022-2023
492,Michael Carter-Williams,Orl,652829.0,2022-2023
493,Gorgui Dieng,Sas,622582.0,2022-2023
494,Goga Bitadze,Orl,612181.0,2022-2023
495,Boban Marjanovic,Hou,601478.0,2022-2023
496,James Johnson,Ind,590926.0,2022-2023
497,Terrence Ross,Phx,580373.0,2022-2023
498,Dewayne Dedmon,Phi,580373.0,2022-2023
499,Reggie Jackson,Den,580373.0,2022-2023
500,Justin Holiday,Dal,569821.0,2022-2023
501,Keifer Sykes,Ind,558345.0,2022-2023
502,Eugene Omoruyi,Det,555402.0,2022-2023
503,Joe Wieskamp,Tor,554989.0,2022-2023
504,PJ Dozier,Sac,539450.0,2022-2023
505,DeAndre' Bembry,Mil,518021.0,2022-2023
506,Cody Zeller,Mia,517060.0,2022-2023
507,Admiral Schofield,Orl,516508.0,2022-2023
508,Russell Westbrook,Lac,495955.0,2022-2023
509,R.J. Hampton,Det,485403.0,2022-2023
510,Ish Wainright,Phx,474851.0,2022-2023
511,Will Barton,Tor,432642.0,2022-2023
512,Isaiah Roby,Sas,400000.0,2022-2023
513,Goran Dragic,Mil,390433.0,2022-2023
514,Sandro Mamukelashvili,Sas,357717.0,2022-2023
515,Patrick Beverley,Chi,357717.0,2022-2023
516,Carlik Jones,Chi,357717.0,2022-2023
517,DaQuan Jeffries,Cha,300000.0,2022-2023
518,Meyers Leonard,Mil,284911.0,2022-2023
519,D.J. Augustin,Hou,189940.0,2022-2023
520,Xavier Cooks,Was,140384.0,2022-2023
521,Nate Williams,Por,52644.0,2022-2023
522,Kobi Simmons,Cha,32795.0,2022-2023
523,Justin Champagnie,Bos,28241.0,2022-2023
524,David Duke Jr.,Bkn,28241.0,2022-2023
525,Moses Brown,Bkn,19186.0,2022-2023
526,Shaquille Harrison,Por,12260.0,2022-2023
527,Willie Cauley-Stein,Hou,10552.0,2022-2023
528,Tristan Thompson,Cle,10552.0,2022-2023
529,Xavier Sneed,Cha,8558.0,2022-2023
1,Stephen Curry,Gsw,51915615.0,2023-2024
2,Kevin Durant,Phx,47649433.0,2023-2024
3,LeBron James,Lal,47607350.0,2023-2024
4,Nikola Jokic,Den,47607350.0,2023-2024
5,Joel Embiid,Phi,46900000.0,2023-2024
6,Bradley Beal,Phx,46741590.0,2023-2024
7,Giannis Antetokounmpo,Mil,45640084.0,2023-2024
8,Damian Lillard,Mil,45640084.0,2023-2024
9,Kawhi Leonard,Lac,45640084.0,2023-2024
10,Paul George,Lac,45640084.0,2023-2024
11,Jimmy Butler III,Mia,45183960.0,2023-2024
12,Klay Thompson,Gsw,43219440.0,2023-2024
13,Rudy Gobert,Min,41000000.0,2023-2024
14,Fred VanVleet,Hou,40806300.0,2023-2024
15,Anthony Davis,Lal,40600080.0,2023-2024
16,Luka Doncic,Dal,40064220.0,2023-2024
17,Zach LaVine,Chi,40064220.0,2023-2024
18,Trae Young,Atl,40064220.0,2023-2024
19,Tobias Harris,Phi,39270150.0,2023-2024
20,Ben Simmons,Bkn,37893408.0,2023-2024
21,Pascal Siakam,Ind,37893408.0,2023-2024
22,Kyrie Irving,Dal,37037037.0,2023-2024
23,Jrue Holiday,Bos,36861707.0,2023-2024
24,Devin Booker,Phx,36016200.0,2023-2024
25,Karl-Anthony Towns,Min,36016200.0,2023-2024
26,Kristaps Porzingis,Bos,36016200.0,2023-2024
27,CJ McCollum,Nop,35802469.0,2023-2024
28,James Harden,Lac,35640000.0,2023-2024
29,Ja Morant,Mem,34005250.0,2023-2024
30,Darius Garland,Cle,34005250.0,2023-2024
31,Zion Williamson,Nop,34005250.0,2023-2024
32,Jamal Murray,Den,33833400.0,2023-2024
33,Brandon Ingram,Nop,33833400.0,2023-2024
34,Shai Gilgeous-Alexander,Okc,33386850.0,2023-2024
35,Michael Porter Jr.,Den,33386850.0,2023-2024
36,Donovan Mitchell,Cle,33162030.0,2023-2024
37,De'Aaron Fox,Sac,32600060.0,2023-2024
38,Bam Adebayo,Mia,32600060.0,2023-2024
39,Jayson Tatum,Bos,32600060.0,2023-2024
40,Deandre Ayton,Por,32459438.0,2023-2024
41,Jaylen Brown,Bos,31830357.0,2023-2024
42,Gordon Hayward,Okc,31500000.0,2023-2024
43,Chris Paul,Gsw,30800000.0,2023-2024
44,Domantas Sabonis,Sac,30600000.0,2023-2024
45,Khris Middleton,Mil,29320988.0,2023-2024
46,DeMar DeRozan,Chi,28600000.0,2023-2024
47,Julius Randle,Nyk,28226880.0,2023-2024
48,Jordan Poole,Was,27955357.0,2023-2024
49,Jerami Grant,Por,27586207.0,2023-2024
50,Jaren Jackson Jr.,Mem,27102202.0,2023-2024
51,Tyler Herro,Mia,27000000.0,2023-2024
52,Jalen Brunson,Nyk,26346666.0,2023-2024
53,Cameron Johnson,Bkn,25679348.0,2023-2024
54,Kyle Kuzma,Was,25568182.0,2023-2024
55,John Collins,Uta,25340000.0,2023-2024
56,Brook Lopez,Mil,25000000.0,2023-2024
57,Mike Conley,Min,24360000.0,2023-2024
58,Andrew Wiggins,Gsw,24330357.0,2023-2024
59,Anfernee Simons,Por,24107143.0,2023-2024
60,RJ Barrett,Tor,23883929.0,2023-2024
61,Jordan Clarkson,Uta,23487629.0,2023-2024
62,Dillon Brooks,Hou,22627671.0,2023-2024
63,Malcolm Brogdon,Por,22500000.0,2023-2024
64,Draymond Green,Gsw,22321429.0,2023-2024
65,Aaron Gordon,Den,22266182.0,2023-2024
66,Terry Rozier,Mia,22205221.0,2023-2024
67,Bruce Brown,Tor,22000000.0,2023-2024
68,Mikal Bridges,Bkn,21700000.0,2023-2024
69,Myles Turner,Ind,20975000.0,2023-2024
70,Clint Capela,Atl,20616000.0,2023-2024
71,Lonzo Ball,Cle,20465117.0,2023-2024
72,De'Andre Hunter,Atl,20089286.0,2023-2024
73,Keldon Johnson,Sas,20000000.0,2023-2024
74,Bojan Bogdanovic,Nyk,20000000.0,2023-2024
75,Jarrett Allen,Cle,20000000.0,2023-2024
76,Joe Harris,Det,19928571.0,2023-2024
77,Jakob Poeltl,Tor,19500000.0,2023-2024
78,Buddy Hield,Phi,19279841.0,2023-2024
79,Evan Fournier,Det,18857143.0,2023-2024
80,Marcus Smart,Mem,18833712.0,2023-2024
81,Bogdan Bogdanovic,Atl,18700000.0,2023-2024
82,OG Anunoby,Nyk,18642857.0,2023-2024
83,Gary Trent Jr.,Tor,18560000.0,2023-2024
84,Nikola Vucevic,Chi,18518519.0,2023-2024
85,Derrick White,Bos,18357143.0,2023-2024
86,Dejounte Murray,Atl,18214000.0,2023-2024
87,Duncan Robinson,Mia,18154000.0,2023-2024
88,Norman Powell,Lac,18000000.0,2023-2024
89,Tim Hardaway Jr.,Dal,17897728.0,2023-2024
90,Jonathan Isaac,Orl,17400000.0,2023-2024
91,Collin Sexton,Uta,17325000.0,2023-2024
92,D'Angelo Russell,Lal,17307693.0,2023-2024
93,Lauri Markkanen,Uta,17259999.0,2023-2024
94,Marcus Morris Sr.,Cle,17116279.0,2023-2024
95,Davis Bertans,Cha,17000000.0,2023-2024
96,Harrison Barnes,Sac,17000000.0,2023-2024
97,Markelle Fultz,Orl,17000000.0,2023-2024
98,Jusuf Nurkic,Phx,16875000.0,2023-2024
99,P.J. Washington,Dal,16847826.0,2023-2024
100,Kevin Porter Jr.,Mil,15860000.0,2023-2024
101,Rui Hachimura,Lal,15740741.0,2023-2024
102,Mitchell Robinson,Nyk,15681818.0,2023-2024
103,Kevin Huerter,Sac,15669643.0,2023-2024
104,Jonas Valanciunas,Nop,15435000.0,2023-2024
105,Luke Kennard,Mem,15418363.0,2023-2024
106,Caris LeVert,Cle,15384616.0,2023-2024
107,Luguentz Dort,Okc,15277778.0,2023-2024
108,Kentavious Caldwell-Pope,Den,14704938.0,2023-2024
109,Max Strus,Cle,14487684.0,2023-2024
110,Tyus Jones,Was,14000000.0,2023-2024
111,Dorian Finney-Smith,Bkn,13932008.0,2023-2024
112,Doug McDermott,Ind,13750000.0,2023-2024
113,Wendell Carter Jr.,Orl,13050000.0,2023-2024
114,Gary Harris,Orl,13000000.0,2023-2024
115,Josh Hart,Nyk,12960000.0,2023-2024
116,Naz Reid,Min,12950400.0,2023-2024
117,Steven Adams,Hou,12600000.0,2023-2024
118,Brandon Clarke,Mem,12500000.0,2023-2024
119,Marvin Bagley III,Was,12500000.0,2023-2024
120,Dennis Schroder,Bkn,12405000.0,2023-2024
121,Daniel Gafford,Dal,12402000.0,2023-2024
122,Grant Williams,Cha,12325581.0,2023-2024
123,Kelly Olynyk,Tor,12195122.0,2023-2024
124,Victor Wembanyama,Sas,12160680.0,2023-2024
125,James Wiseman,Det,12119400.0,2023-2024
126,Devonte' Graham,Sas,12100000.0,2023-2024
127,Richaun Holmes,Was,12046020.0,2023-2024
128,Austin Reaves,Lal,12015150.0,2023-2024
129,Herbert Jones,Nop,12015150.0,2023-2024
130,Chris Boucher,Tor,11750000.0,2023-2024
131,Nicolas Batum,Phi,11710818.0,2023-2024
132,Bobby Portis,Mil,11710818.0,2023-2024
133,Robert Covington,Phi,11692308.0,2023-2024
134,Paolo Banchero,Orl,11608080.0,2023-2024
135,Robert Williams III,Por,11571429.0,2023-2024
136,Coby White,Chi,11111111.0,2023-2024
137,Cade Cunningham,Det,11055240.0,2023-2024
138,Talen Horton-Tucker,Uta,11020000.0,2023-2024
139,P.J. Tucker,Lac,11014500.0,2023-2024
140,Joe Ingles,Orl,11000000.0,2023-2024
141,Maxi Kleber,Dal,11000000.0,2023-2024
142,Donte DiVincenzo,Nyk,10960000.0,2023-2024
143,Ivica Zubac,Lac,10933333.0,2023-2024
144,LaMelo Ball,Cha,10900635.0,2023-2024
145,Brandon Miller,Cha,10880400.0,2023-2024
146,Terance Mann,Lac,10576923.0,2023-2024
147,Matisse Thybulle,Por,10500000.0,2023-2024
148,Gabe Vincent,Lal,10500000.0,2023-2024
149,Alec Burks,Nyk,10489600.0,2023-2024
150,Chet Holmgren,Okc,10386000.0,2023-2024
151,Larry Nance Jr.,Nop,10375000.0,2023-2024
152,Landry Shamet,Was,10250000.0,2023-2024
153,Al Horford,Bos,10000000.0,2023-2024
154,Malik Monk,Sac,9945830.0,2023-2024
155,Tre Jones,Sas,9895833.0,2023-2024
156,Jalen Green,Hou,9891480.0,2023-2024
157,Patrick Williams,Chi,9835881.0,2023-2024
158,Monte Morris,Min,9800926.0,2023-2024
159,Scoot Henderson,Por,9770880.0,2023-2024
160,Nic Claxton,Bkn,9625000.0,2023-2024
161,Jeff Green,Hou,9600000.0,2023-2024
162,Royce O'Neale,Phx,9500000.0,2023-2024
163,Alex Caruso,Chi,9460000.0,2023-2024
164,Victor Oladipo,Guangzhou Loong-Lions,9450000.0,2023-2024
165,Pat Connaughton,Mil,9423869.0,2023-2024
166,Jabari Smith Jr.,Hou,9326520.0,2023-2024
167,Isaiah Hartenstein,Nyk,9245121.0,2023-2024
168,Anthony Edwards,Min,9219512.0,2023-2024
169,Kyle Anderson,Min,9219512.0,2023-2024
170,Grayson Allen,Phx,8925000.0,2023-2024
171,Isaac Okoro,Cle,8920795.0,2023-2024
172,Evan Mobley,Cle,8882760.0,2023-2024
173,Amen Thompson,Hou,8809320.0,2023-2024
174,Georges Niang,Cle,8800000.0,2023-2024
175,Gary Payton II,Gsw,8715000.0,2023-2024
176,T.J. McConnell,Ind,8700000.0,2023-2024
177,Keegan Murray,Sac,8409000.0,2023-2024
178,Onyeka Okongwu,Atl,8109063.0,2023-2024
179,Scottie Barnes,Tor,8008560.0,2023-2024
180,Trey Lyles,Sac,8000000.0,2023-2024
181,De'Anthony Melton,Phi,8000000.0,2023-2024
182,Moritz Wagner,Orl,8000000.0,2023-2024
183,Jock Landale,Hou,8000000.0,2023-2024
184,Ausar Thompson,Det,7977480.0,2023-2024
185,Miles Bridges,Cha,7921301.0,2023-2024
186,Vasilije Micic,Cha,7723000.0,2023-2024
187,Paul Reed,Phi,7723000.0,2023-2024
188,Zach Collins,Sas,7700000.0,2023-2024
189,Jaden Ivey,Det,7641480.0,2023-2024
190,Cody Martin,Cha,7560000.0,2023-2024
191,Kevon Looney,Gsw,7500000.0,2023-2024
192,Taurean Prince,Lal,7455000.0,2023-2024
193,Killian Hayes,Det,7413955.0,2023-2024
194,Jalen Suggs,Orl,7252080.0,2023-2024
195,Anthony Black,Orl,7245480.0,2023-2024
196,Khem Birch,Sas,6985000.0,2023-2024
197,Bennedict Mathurin,Ind,6916080.0,2023-2024
198,Obi Toppin,Ind,6803012.0,2023-2024
199,Caleb Martin,Mia,6802950.0,2023-2024
200,Cedi Osman,Sas,6718842.0,2023-2024
201,Bilal Coulibaly,Was,6614280.0,2023-2024
202,Josh Giddey,Okc,6587040.0,2023-2024
203,Cameron Payne,Phi,6500000.0,2023-2024
204,Jae'Sean Tate,Hou,6500000.0,2023-2024
205,Ayo Dosunmu,Chi,6481481.0,2023-2024
206,Rudy Gay,Gsw,6479000.0,2023-2024
207,Sasha Vezenkov,Sac,6341464.0,2023-2024
208,Shaedon Sharpe,Por,6313800.0,2023-2024
209,Otto Porter Jr.,Tor,6300000.0,2023-2024
210,Deni Avdija,Was,6263188.0,2023-2024
211,Nassir Little,Phx,6250000.0,2023-2024
212,Jevon Carter,Chi,6190476.0,2023-2024
213,Kenrich Williams,Okc,6175000.0,2023-2024
214,Ricky Rubio,Cle,6146342.0,2023-2024
215,Jarace Walker,Ind,6059520.0,2023-2024
216,Jonathan Kuminga,Gsw,6012840.0,2023-2024
217,Devin Vassell,Sas,5887899.0,2023-2024
218,Tyrese Haliburton,Ind,5808435.0,2023-2024
219,Dyson Daniels,Nop,5784120.0,2023-2024
220,Kira Lewis Jr.,Uta,5722116.0,2023-2024
221,Dean Wade,Cle,5709877.0,2023-2024
222,Aaron Nesmith,Ind,5634257.0,2023-2024
223,Jalen Smith,Ind,5604192.0,2023-2024
224,Taylor Hendricks,Uta,5569920.0,2023-2024
225,Cole Anthony,Orl,5539771.0,2023-2024
226,Franz Wagner,Orl,5508720.0,2023-2024
227,Garrett Temple,Tor,5401000.0,2023-2024
228,Furkan Korkmaz,Phi,5370370.0,2023-2024
229,Jeremy Sochan,Sas,5316960.0,2023-2024
230,Cason Wallace,Okc,5291000.0,2023-2024
231,Chuma Okeke,Orl,5266713.0,2023-2024
232,Isaiah Stewart,Det,5266713.0,2023-2024
233,Davion Mitchell,Sac,5063760.0,2023-2024
234,Johnny Davis,Was,5050800.0,2023-2024
235,Jett Howard,Orl,5026800.0,2023-2024
236,Nick Richards,Cha,5000000.0,2023-2024
237,Reggie Jackson,Den,5000000.0,2023-2024
238,Mason Plumlee,Lac,5000000.0,2023-2024
239,Ziaire Williams,Mem,4810200.0,2023-2024
240,Ousmane Dieng,Okc,4798440.0,2023-2024
241,Dereck Lively II,Dal,4775640.0,2023-2024
242,Josh Green,Dal,4765339.0,2023-2024
243,Jarred Vanderbilt,Lal,4698000.0,2023-2024
244,Nickeil Alexander-Walker,Min,4687500.0,2023-2024
245,James Bouknight,Cha,4570080.0,2023-2024
246,Jalen Williams,Okc,4558680.0,2023-2024
247,Saddiq Bey,Atl,4556983.0,2023-2024
248,Gradey Dick,Tor,4536720.0,2023-2024
249,Jalen McDaniels,Tor,4516000.0,2023-2024
250,Precious Achiuwa,Nyk,4379527.0,2023-2024
251,Tyrese Maxey,Phi,4343920.0,2023-2024
252,Jalen Duren,Det,4330680.0,2023-2024
253,Danuel House Jr.,Phi,4310250.0,2023-2024
254,Jordan Hawkins,Nop,4310160.0,2023-2024
255,Zeke Nnaji,Den,4306281.0,2023-2024
256,Immanuel Quickley,Tor,4171548.0,2023-2024
257,Chris Duarte,Sac,4124400.0,2023-2024
258,Ochai Agbaji,Tor,4114200.0,2023-2024
259,Kobe Bufkin,Atl,4094280.0,2023-2024
260,Payton Pritchard,Bos,4037278.0,2023-2024
261,Seth Curry,Cha,4000000.0,2023-2024
262,Troy Brown Jr.,Det,4000000.0,2023-2024
263,Dwight Powell,Dal,4000000.0,2023-2024
264,Moses Moody,Gsw,3918480.0,2023-2024
265,Mark Williams,Cha,3908160.0,2023-2024
266,Jaden McDaniels,Min,3901399.0,2023-2024
267,Keyonte George,Uta,3889800.0,2023-2024
268,Malachi Flynn,Det,3873025.0,2023-2024
269,Desmond Bane,Mem,3845083.0,2023-2024
270,Kevin Love,Mia,3835738.0,2023-2024
271,Russell Westbrook,Lac,3835738.0,2023-2024
272,Corey Kispert,Was,3722040.0,2023-2024
273,AJ Griffin,Atl,3712920.0,2023-2024
274,Jalen Hood-Schifino,Lal,3695040.0,2023-2024
275,Amir Coffey,Lac,3666667.0,2023-2024
276,Alperen Sengun,Hou,3536280.0,2023-2024
277,Tari Eason,Hou,3527160.0,2023-2024
278,Jaime Jaquez Jr.,Mia,3510600.0,2023-2024
279,Mike Muscala,Okc,3500000.0,2023-2024
280,Andre Drummond,Chi,3360000.0,2023-2024
281,Trey Murphy III,Nop,3359280.0,2023-2024
282,Brandin Podziemski,Gsw,3352440.0,2023-2024
283,Dalen Terry,Chi,3350760.0,2023-2024
284,Cam Whitmore,Hou,3218160.0,2023-2024
285,Jake LaRavia,Mem,3199920.0,2023-2024
286,Derrick Rose,Mem,3196448.0,2023-2024
287,Eric Gordon,Phx,3196448.0,2023-2024
288,Tre Mann,Cha,3191280.0,2023-2024
289,Noah Clowney,Bkn,3089520.0,2023-2024
290,Malaki Branham,Sas,3071880.0,2023-2024
291,Simone Fontecchio,Det,3044872.0,2023-2024
292,Jordan Nwora,Tor,3000000.0,2023-2024
293,Julian Champagnie,Sas,3000000.0,2023-2024
294,Dante Exum,Dal,3000000.0,2023-2024
295,Dariq Whitehead,Bkn,2966040.0,2023-2024
296,Christian Braun,Den,2949120.0,2023-2024
297,Jalen Johnson,Atl,2925360.0,2023-2024
298,Josh Richardson,Mia,2891467.0,2023-2024
299,Kris Murray,Por,2847480.0,2023-2024
300,Walker Kessler,Uta,2831160.0,2023-2024
301,Josh Okogie,Phx,2815937.0,2023-2024
302,Keon Johnson,Bkn,2808720.0,2023-2024
303,Omer Yurtseven,Uta,2800000.0,2023-2024
304,Kyle Lowry,Phi,2795839.0,2023-2024
305,Olivier-Maxence Prosper,Dal,2733360.0,2023-2024
306,David Roddy,Phx,2718240.0,2023-2024
307,Christian Wood,Lal,2709849.0,2023-2024
308,Isaiah Jackson,Ind,2696280.0,2023-2024
309,Marcus Sasser,Det,2623680.0,2023-2024
310,MarJon Beauchamp,Mil,2609400.0,2023-2024
311,Charles Bassey,Sas,2600000.0,2023-2024
312,Kris Dunn,Uta,2586665.0,2023-2024
313,Damian Jones,Cle,2586665.0,2023-2024
314,Bruno Fernando,Atl,2581522.0,2023-2024
315,Willy Hernangomez,Nop,2559942.0,2023-2024
316,Ben Sheppard,Ind,2537160.0,2023-2024
317,Damion Lee,Phx,2528233.0,2023-2024
318,Thomas Bryant,Mia,2528233.0,2023-2024
319,Torrey Craig,Chi,2528233.0,2023-2024
320,Blake Wesley,Sas,2504640.0,2023-2024
321,Josh Christopher,Mia,2485200.0,2023-2024
322,Nick Smith Jr.,Cha,2463960.0,2023-2024
323,Brice Sensabaugh,Uta,2448600.0,2023-2024
324,Ty Jerome,Cle,2439025.0,2023-2024
325,Julian Strawther,Den,2431080.0,2023-2024
326,Wendell Moore Jr.,Min,2421720.0,2023-2024
327,Kobe Brown,Lac,2413320.0,2023-2024
328,PJ Dozier,Min,2413304.0,2023-2024
329,Luke Kornet,Bos,2413304.0,2023-2024
330,John Konchar,Mem,2400000.0,2023-2024
331,Quentin Grimes,Det,2385720.0,2023-2024
332,Keita Bates-Diop,Bkn,2364614.0,2023-2024
333,Nikola Jovic,Mia,2352000.0,2023-2024
334,Yuta Watanabe,Mem,2346614.0,2023-2024
335,Drew Eubanks,Phx,2346614.0,2023-2024
336,Patrick Baldwin Jr.,Was,2337720.0,2023-2024
337,Jordan McLaughlin,Min,2320000.0,2023-2024
338,Bones Hyland,Lac,2306400.0,2023-2024
339,Peyton Watson,Den,2303520.0,2023-2024
340,Cam Thomas,Bkn,2240160.0,2023-2024
341,Vlatko Cancar,Den,2234359.0,2023-2024
342,Vince Williams Jr.,Mem,2232308.0,2023-2024
343,Jaden Springer,Bos,2226240.0,2023-2024
344,Day'Ron Sharpe,Bkn,2210040.0,2023-2024
345,Jeremiah Robinson-Earl,Nop,2196970.0,2023-2024
346,Santi Aldama,Mem,2194200.0,2023-2024
347,Jaxson Hayes,Lal,2165000.0,2023-2024
348,Cam Reddish,Lal,2165000.0,2023-2024
349,Oshae Brissett,Bos,2165000.0,2023-2024
350,Andrew Nembhard,Ind,2131905.0,2023-2024
351,Kobi Simmons,Tor,2066585.0,2023-2024
352,Luka Samanic,Uta,2066585.0,2023-2024
353,Isaiah Roby,Ulm Ulm,2066585.0,2023-2024
354,Goga Bitadze,Orl,2062585.0,2023-2024
355,Tristan Thompson,Cle,2019796.0,2023-2024
356,Sandro Mamukelashvili,Sas,2019760.0,2023-2024
357,Alex Len,Sac,2019760.0,2023-2024
358,Montrezl Harrell,Phi,2019760.0,2023-2024
359,Malik Beasley,Mil,2019760.0,2023-2024
360,Jae Crowder,Mil,2019760.0,2023-2024
361,Frank Ntilikina,Cha,2019706.0,2023-2024
362,Ish Smith,Cha,2019706.0,2023-2024
363,Colby Jones,Sac,2019706.0,2023-2024
364,Nerlens Noel,Sac,2019706.0,2023-2024
365,JaVale McGee,Sac,2019706.0,2023-2024
366,Robin Lopez,Mil,2019706.0,2023-2024
367,Dalano Banton,Por,2019706.0,2023-2024
368,Moses Brown,Por,2019706.0,2023-2024
369,Bol Bol,Phx,2019706.0,2023-2024
370,Mo Bamba,Phi,2019706.0,2023-2024
371,Kelly Oubre Jr.,Phi,2019706.0,2023-2024
372,Danny Green,Phi,2019706.0,2023-2024
373,Trendon Watford,Bkn,2019706.0,2023-2024
374,Lonnie Walker IV,Bkn,2019706.0,2023-2024
375,Dennis Smith Jr.,Bkn,2019706.0,2023-2024
376,Thanasis Antetokounmpo,Mil,2019706.0,2023-2024
377,Patrick Beverley,Mil,2019706.0,2023-2024
378,Cory Joseph,Gsw,2019706.0,2023-2024
379,Aaron Holiday,Hou,2019706.0,2023-2024
380,Reggie Bullock Jr.,Hou,2019706.0,2023-2024
381,Boban Marjanovic,Hou,2019706.0,2023-2024
382,Dario Saric,Gsw,2019706.0,2023-2024
383,Chimezie Metu,Det,2019706.0,2023-2024
384,Ryan Arcidiacono,Nyk,2019706.0,2023-2024
385,Jalen Pickett,Den,2019706.0,2023-2024
386,Justin Holiday,Den,2019706.0,2023-2024
387,DeAndre Jordan,Den,2019706.0,2023-2024
388,Derrick Jones Jr.,Dal,2019706.0,2023-2024
389,Markieff Morris,Dal,2019706.0,2023-2024
390,Terry Taylor,Chi,2019706.0,2023-2024
391,Cody Zeller,Nop,2019706.0,2023-2024
392,Svi Mykhailiuk,Bos,2019706.0,2023-2024
393,Wesley Matthews,Atl,2019706.0,2023-2024
394,Jaylin Williams,Okc,2000000.0,2023-2024
395,Caleb Houstan,Orl,2000000.0,2023-2024
396,Garrison Mathews,Atl,2000000.0,2023-2024
397,Anthony Gill,Was,1997239.0,2023-2024
398,R.J. Hampton,Mia,1997238.0,2023-2024
399,Isaiah Joe,Okc,1997238.0,2023-2024
400,Sam Merrill,Cle,1997238.0,2023-2024
401,GG Jackson,Mem,1991428.0,2023-2024
402,Duop Reath,Por,1951220.0,2023-2024
403,Lamar Stevens,Mem,1930681.0,2023-2024
404,KJ Martin,Phi,1930681.0,2023-2024
405,KJ Martin,Lac,1930681.0,2023-2024
406,Naji Marshall,Nop,1930681.0,2023-2024
407,Xavier Tillman,Bos,1930681.0,2023-2024
408,Kessler Edwards,Sac,1927896.0,2023-2024
409,Jericho Sims,Nyk,1927896.0,2023-2024
410,Joe Wieskamp,Dal,1927896.0,2023-2024
411,Sam Hauser,Bos,1927896.0,2023-2024
412,Carlik Jones,Chi,1922896.0,2023-2024
413,Haywood Highsmith,Mia,1902137.0,2023-2024
414,Kevin Knox II,Det,1845593.0,2023-2024
415,JT Thor,Cha,1836096.0,2023-2024
416,Isaiah Todd,Mem,1836096.0,2023-2024
417,Isaiah Livers,Det,1836096.0,2023-2024
418,Aaron Wiggins,Okc,1836096.0,2023-2024
419,Miles McBride,Nyk,1836096.0,2023-2024
420,Brandon Boston,Lac,1836096.0,2023-2024
421,Marko Simonovic,Chi,1836096.0,2023-2024
422,Jose Alvarado,Nop,1836096.0,2023-2024
423,Jack White,Mem,1801769.0,2023-2024
424,AJ Green,Mil,1801769.0,2023-2024
425,Orlando Robinson,Mia,1801769.0,2023-2024
426,Dru Smith,Mia,1801769.0,2023-2024
427,E.J. Liddell,Nop,1801769.0,2023-2024
428,Leonard Miller,Min,1800000.0,2023-2024
429,Joshua Primo,Lac,1764341.0,2023-2024
430,Daniel Theis,Lac,1741126.0,2023-2024
431,Bryce McGowens,Cha,1719865.0,2023-2024
432,Xavier Cooks,Was,1719864.0,2023-2024
433,Jabari Walker,Por,1719864.0,2023-2024
434,Josh Minott,Min,1719864.0,2023-2024
435,Tyrese Martin,Bkn,1719864.0,2023-2024
436,Max Christie,Lal,1719864.0,2023-2024
437,Jaden Hardy,Dal,1719864.0,2023-2024
438,Julian Phillips,Chi,1600000.0,2023-2024
439,Spencer Dinwiddie,Lal,1554654.0,2023-2024
440,Craig Porter Jr.,Cle,1500000.0,2023-2024
441,Sidy Cissoko,Sas,1119563.0,2023-2024
442,Filip Petrusev,Sac,1119563.0,2023-2024
443,Rayan Rupert,Por,1119563.0,2023-2024
444,Toumani Camara,Por,1119563.0,2023-2024
445,Chris Livingston,Mil,1119563.0,2023-2024
446,Andre Jackson Jr.,Mil,1119563.0,2023-2024
447,Maxwell Lewis,Lal,1119563.0,2023-2024
448,Trayce Jackson-Davis,Gsw,1119563.0,2023-2024
449,Hunter Tyson,Den,1119563.0,2023-2024
450,Jordan Walsh,Bos,1119563.0,2023-2024
451,Mouhamed Gueye,Atl,1119563.0,2023-2024
452,Kendall Brown,Ind,1100000.0,2023-2024
453,Gui Santos,Gsw,1029483.0,2023-2024
454,A.J. Lawson,Dal,1000000.0,2023-2024
455,Eugene Omoruyi,Was,900000.0,2023-2024
456,Jalen Wilson,Bkn,850000.0,2023-2024
457,James Johnson,Ind,777703.0,2023-2024
458,Lindy Waters III,Okc,766095.0,2023-2024
459,Bismack Biyombo,Okc,754488.0,2023-2024
460,Keon Ellis,Sac,683430.0,2023-2024
461,Danilo Gallinari,Mil,661628.0,2023-2024
462,Delon Wright,Mia,661628.0,2023-2024
463,Thaddeus Young,Phx,638413.0,2023-2024
464,Aleksej Pokusevski,Cha,565176.0,2023-2024
465,Trent Forrest,Atl,553151.0,2023-2024
466,Shake Milton,Nyk,552938.0,2023-2024
467,Lester Quinones,Gsw,548815.0,2023-2024
468,Stanley Umude,Det,538460.0,2023-2024
469,Kenneth Lofton Jr.,Uta,500000.0,2023-2024
470,Darius Bazley,Uta,500000.0,2023-2024
471,Patty Mills,Mia,475908.0,2023-2024
472,Dominick Barlow,Sas,455620.0,2023-2024
473,Taj Gibson,Det,348225.0,2023-2024
474,Onuralp Bitim,Chi,334582.0,2023-2024
475,Javon Freeman-Liberty,Tor,289542.0,2023-2024
1,Stephen Curry,Gsw,55761216.0,2024-2025
2,Joel Embiid,Phi,51415938.0,2024-2025
3,Nikola Jokic,Den,51415938.0,2024-2025
4,Kevin Durant,Phx,51179021.0,2024-2025
5,Bradley Beal,Phx,50203930.0,2024-2025
6,Kawhi Leonard,Lac,49350000.0,2024-2025
7,Devin Booker,Phx,49205800.0,2024-2025
8,Paul George,Phi,49205800.0,2024-2025
9,Karl-Anthony Towns,Nyk,49205800.0,2024-2025
10,Jaylen Brown,Bos,49205800.0,2024-2025
11,Jimmy Butler III,Gsw,48798677.0,2024-2025
12,Giannis Antetokounmpo,Mil,48787676.0,2024-2025
13,Damian Lillard,Mil,48787676.0,2024-2025
14,LeBron James,Lal,48728845.0,2024-2025
15,Zach LaVine,Sac,44531940.0,2024-2025
16,Rudy Gobert,Min,43827587.0,2024-2025
17,Anthony Davis,Dal,43219440.0,2024-2025
18,Luka Doncic,Lal,43031940.0,2024-2025
19,Trae Young,Atl,43031940.0,2024-2025
20,Fred VanVleet,Hou,42846615.0,2024-2025
21,Lauri Markkanen,Uta,42176400.0,2024-2025
22,Anthony Edwards,Min,42176400.0,2024-2025
23,Tyrese Haliburton,Ind,42176000.0,2024-2025
24,Pascal Siakam,Ind,42176000.0,2024-2025
25,Kyrie Irving,Dal,41000000.0,2024-2025
26,Domantas Sabonis,Sac,40500000.0,2024-2025
27,Ja Morant,Mem,36725670.0,2024-2025
28,Darius Garland,Cle,36725670.0,2024-2025
29,Zion Williamson,Nop,36725670.0,2024-2025
30,OG Anunoby,Nyk,36637931.0,2024-2025
31,Brandon Ingram,Nop,36016200.0,2024-2025
32,Jamal Murray,Den,36016200.0,2024-2025
33,Shai Gilgeous-Alexander,Okc,35859950.0,2024-2025
34,Michael Porter Jr.,Den,35859950.0,2024-2025
35,Donovan Mitchell,Cle,35410310.0,2024-2025
36,LaMelo Ball,Cha,35147000.0,2024-2025
37,Tyrese Maxey,Phi,35147000.0,2024-2025
38,De'Aaron Fox,Sas,34848340.0,2024-2025
39,Bam Adebayo,Mia,34848340.0,2024-2025
40,Jayson Tatum,Bos,34848340.0,2024-2025
41,Desmond Bane,Mem,34005250.0,2024-2025
42,Deandre Ayton,Por,34005126.0,2024-2025
43,James Harden,Lac,33653846.0,2024-2025
44,CJ McCollum,Nop,33333333.0,2024-2025
45,Julius Randle,Min,33073920.0,2024-2025
46,Immanuel Quickley,Tor,32500000.0,2024-2025
47,Khris Middleton,Was,31666676.0,2024-2025
48,Isaiah Hartenstein,Okc,30000000.0,2024-2025
49,Jrue Holiday,Bos,30000000.0,2024-2025
50,Jerami Grant,Por,29793104.0,2024-2025
51,Jordan Poole,Was,29651786.0,2024-2025
52,Dejounte Murray,Nop,29535801.0,2024-2025
53,Devin Vassell,Sas,29347826.0,2024-2025
54,Kristaps Porzingis,Bos,29268293.0,2024-2025
55,Tyler Herro,Mia,29000000.0,2024-2025
56,Nic Claxton,Bkn,27556817.0,2024-2025
57,Miles Bridges,Cha,27173913.0,2024-2025
58,John Collins,Uta,26580000.0,2024-2025
59,Andrew Wiggins,Mia,26276786.0,2024-2025
60,Anfernee Simons,Por,25892857.0,2024-2025
61,RJ Barrett,Tor,25794643.0,2024-2025
62,Tobias Harris,Det,25365854.0,2024-2025
63,Jaren Jackson Jr.,Mem,25257798.0,2024-2025
64,Jonathan Isaac,Orl,25000000.0,2024-2025
65,Jalen Brunson,Nyk,24960001.0,2024-2025
66,Terry Rozier,Mia,24924126.0,2024-2025
67,Draymond Green,Gsw,24107143.0,2024-2025
68,DeMar DeRozan,Sac,23400000.0,2024-2025
69,Mikal Bridges,Nyk,23300000.0,2024-2025
70,Jaden McDaniels,Min,23017242.0,2024-2025
71,Brook Lopez,Mil,23000000.0,2024-2025
72,Bruce Brown,Nop,23000000.0,2024-2025
73,Aaron Gordon,Den,22841455.0,2024-2025
74,Kentavious Caldwell-Pope,Orl,22757000.0,2024-2025
75,Malcolm Brogdon,Was,22500000.0,2024-2025
76,Cameron Johnson,Bkn,22500000.0,2024-2025
77,Kyle Kuzma,Mil,22410605.0,2024-2025
78,Clint Capela,Atl,22265280.0,2024-2025
79,Dillon Brooks,Hou,22255493.0,2024-2025
80,De'Andre Hunter,Cle,21696429.0,2024-2025
81,Lonzo Ball,Chi,21395348.0,2024-2025
82,Marcus Smart,Was,20210285.0,2024-2025
83,Derrick White,Bos,20017429.0,2024-2025
84,Jarrett Allen,Cle,20000000.0,2024-2025
85,Nikola Vucevic,Chi,20000000.0,2024-2025
86,Myles Turner,Ind,19928500.0,2024-2025
87,Jakob Poeltl,Tor,19500000.0,2024-2025
88,Duncan Robinson,Mia,19406000.0,2024-2025
89,Norman Powell,Lac,19241379.0,2024-2025
90,Bojan Bogdanovic,Bkn,19032850.0,2024-2025
91,Keldon Johnson,Sas,19000000.0,2024-2025
92,D'Angelo Russell,Bkn,18692307.0,2024-2025
93,Patrick Williams,Chi,18500000.0,2024-2025
94,Collin Sexton,Uta,18350000.0,2024-2025
95,Josh Hart,Nyk,18144000.0,2024-2025
96,Jusuf Nurkic,Cha,18125000.0,2024-2025
97,Harrison Barnes,Sas,18000000.0,2024-2025
98,Malik Monk,Sac,17405202.0,2024-2025
99,Bogdan Bogdanovic,Lac,17260000.0,2024-2025
100,Rui Hachimura,Lal,17000000.0,2024-2025
101,Kevin Huerter,Chi,16830357.0,2024-2025
102,Zach Collins,Chi,16741200.0,2024-2025
103,Caris LeVert,Atl,16615384.0,2024-2025
104,Luguentz Dort,Okc,16500000.0,2024-2025
105,Tim Hardaway Jr.,Det,16193183.0,2024-2025
106,Davis Bertans,Cha,16000000.0,2024-2025
107,Klay Thompson,Dal,15873016.0,2024-2025
108,Deni Avdija,Por,15625000.0,2024-2025
109,Grayson Allen,Phx,15625000.0,2024-2025
110,P.J. Washington,Dal,15500000.0,2024-2025
111,Max Strus,Cle,15212068.0,2024-2025
112,Isaiah Stewart,Det,15000000.0,2024-2025
113,Dorian Finney-Smith,Lal,14924168.0,2024-2025
114,Mitchell Robinson,Nyk,14318182.0,2024-2025
115,Jordan Clarkson,Uta,14092577.0,2024-2025
116,Onyeka Okongwu,Atl,14000000.0,2024-2025
117,Naz Reid,Min,13986432.0,2024-2025
118,Cade Cunningham,Det,13940658.0,2024-2025
119,Daniel Gafford,Dal,13394160.0,2024-2025
120,Grant Williams,Cha,13025250.0,2024-2025
121,Dennis Schroder,Det,13025250.0,2024-2025
122,Isaiah Joe,Okc,12991650.0,2024-2025
123,Austin Reaves,Lal,12976362.0,2024-2025
124,Herbert Jones,Nop,12976362.0,2024-2025
125,Obi Toppin,Ind,12946429.0,2024-2025
126,Cole Anthony,Orl,12900000.0,2024-2025
127,De'Anthony Melton,Gsw,12822000.0,2024-2025
128,Kelly Olynyk,Nop,12804878.0,2024-2025
129,Victor Wembanyama,Sas,12768960.0,2024-2025
130,Josh Green,Cha,12654321.0,2024-2025
131,Devonte' Graham,Por,12650000.0,2024-2025
132,Richaun Holmes,Was,12648321.0,2024-2025
133,Steven Adams,Hou,12600000.0,2024-2025
134,Bobby Portis,Mil,12578286.0,2024-2025
135,Zaccharie Risacher,Atl,12569040.0,2024-2025
136,Marvin Bagley III,Mem,12500000.0,2024-2025
137,Brandon Clarke,Mem,12500000.0,2024-2025
138,Jalen Green,Hou,12483048.0,2024-2025
139,Robert Williams III,Por,12428571.0,2024-2025
140,Paolo Banchero,Orl,12160800.0,2024-2025
141,Coby White,Chi,12000000.0,2024-2025
142,Wendell Carter Jr.,Orl,11950000.0,2024-2025
143,Ivica Zubac,Lac,11743210.0,2024-2025
144,Donte DiVincenzo,Min,11445000.0,2024-2025
145,Brandon Miller,Cha,11424600.0,2024-2025
146,Terance Mann,Atl,11423077.0,2024-2025
147,Alex Sarr,Was,11245680.0,2024-2025
148,Evan Mobley,Cle,11227809.0,2024-2025
149,Larry Nance Jr.,Atl,11205000.0,2024-2025
150,Matisse Thybulle,Por,11025160.0,2024-2025
151,Moritz Wagner,Orl,11000000.0,2024-2025
152,Gabe Vincent,Lal,11000000.0,2024-2025
153,Maxi Kleber,Dal,11000000.0,2024-2025
154,Aaron Nesmith,Ind,11000000.0,2024-2025
155,Chet Holmgren,Okc,10880640.0,2024-2025
156,Chris Boucher,Tor,10810000.0,2024-2025
157,Jarred Vanderbilt,Lal,10714286.0,2024-2025
158,Aaron Wiggins,Okc,10514017.0,2024-2025
159,Chris Paul,Sas,10460000.0,2024-2025
160,Scoot Henderson,Por,10259160.0,2024-2025
161,Isaac Okoro,Cle,10185185.0,2024-2025
162,Scottie Barnes,Tor,10130980.0,2024-2025
163,Reed Sheppard,Hou,10098960.0,2024-2025
164,Mike Conley,Min,9975962.0,2024-2025
165,Jonas Valanciunas,Sac,9900000.0,2024-2025
166,Alex Caruso,Okc,9890000.0,2024-2025
167,Royce O'Neale,Phx,9821429.0,2024-2025
168,Jabari Smith Jr.,Hou,9770880.0,2024-2025
169,Derrick Jones Jr.,Lac,9523810.0,2024-2025
170,Al Horford,Bos,9500000.0,2024-2025
171,Pat Connaughton,Mil,9423869.0,2024-2025
172,T.J. McConnell,Ind,9300000.0,2024-2025
173,Luke Kennard,Mem,9250000.0,2024-2025
174,Amen Thompson,Hou,9249960.0,2024-2025
175,Jalen Suggs,Orl,9188385.0,2024-2025
176,Stephon Castle,Sas,9131760.0,2024-2025
177,Gary Payton II,Gsw,9130000.0,2024-2025
178,Tre Jones,Chi,9104167.0,2024-2025
179,Goga Bitadze,Orl,9057971.0,2024-2025
180,Zeke Nnaji,Den,8888889.0,2024-2025
181,Keegan Murray,Sac,8809560.0,2024-2025
182,Kyle Anderson,Mia,8780488.0,2024-2025
183,Buddy Hield,Gsw,8780488.0,2024-2025
184,Naji Marshall,Dal,8571429.0,2024-2025
185,Jalen Smith,Chi,8571429.0,2024-2025
186,Georges Niang,Atl,8500000.0,2024-2025
187,Ausar Thompson,Det,8376000.0,2024-2025
188,Josh Giddey,Chi,8352367.0,2024-2025
189,Josh Okogie,Cha,8250000.0,2024-2025
190,Ronald Holland II,Det,8245320.0,2024-2025
191,Caleb Martin,Dal,8149001.0,2024-2025
192,Cody Martin,Phx,8120000.0,2024-2025
193,Trey Lyles,Sac,8000000.0,2024-2025
194,Jock Landale,Hou,8000000.0,2024-2025
195,Jeff Green,Hou,8000000.0,2024-2025
196,Kevon Looney,Gsw,8000000.0,2024-2025
197,Kelly Oubre Jr.,Phi,7983000.0,2024-2025
198,Jaden Ivey,Det,7977240.0,2024-2025
199,KJ Martin,Uta,7975000.0,2024-2025
200,Vasilije Micic,Phx,7723000.0,2024-2025
201,Simone Fontecchio,Det,7692308.0,2024-2025
202,Jonathan Kuminga,Gsw,7636154.0,2024-2025
203,Anthony Black,Orl,7607760.0,2024-2025
204,Jae'Sean Tate,Hou,7565217.0,2024-2025
205,Tidjane Salaun,Cha,7488720.0,2024-2025
206,Bennedict Mathurin,Ind,7245720.0,2024-2025
207,Max Christie,Dal,7142857.0,2024-2025
208,Franz Wagner,Orl,7007092.0,2024-2025
209,Ayo Dosunmu,Chi,7000000.0,2024-2025
210,Bilal Coulibaly,Was,6945240.0,2024-2025
211,Nassir Little,Mia,6750000.0,2024-2025
212,Gary Harris,Orl,6730769.0,2024-2025
213,Payton Pritchard,Bos,6696429.0,2024-2025
214,Kenrich Williams,Okc,6669000.0,2024-2025
215,Sasha Vezenkov,Tor,6658536.0,2024-2025
216,Shaedon Sharpe,Por,6614160.0,2024-2025
217,Donovan Clingan,Por,6586440.0,2024-2025
218,Jevon Carter,Chi,6500000.0,2024-2025
219,Davion Mitchell,Mia,6451230.0,2024-2025
220,Saddiq Bey,Nop,6440678.0,2024-2025
221,Jarace Walker,Ind,6362520.0,2024-2025
222,Rob Dillingham,Min,6262920.0,2024-2025
223,Dean Wade,Cle,6166667.0,2024-2025
224,John Konchar,Mem,6165000.0,2024-2025
225,Ziaire Williams,Bkn,6133005.0,2024-2025
226,Dyson Daniels,Atl,6059520.0,2024-2025
227,Precious Achiuwa,Nyk,6000000.0,2024-2025
228,Malik Beasley,Det,6000000.0,2024-2025
229,Chris Duarte,Chi,5893768.0,2024-2025
230,Taylor Hendricks,Uta,5848680.0,2024-2025
231,Moses Moody,Gsw,5803269.0,2024-2025
232,Zach Edey,Mem,5756880.0,2024-2025
233,Corey Kispert,Was,5705888.0,2024-2025
234,Jeremy Sochan,Sas,5570040.0,2024-2025
235,Cason Wallace,Okc,5555880.0,2024-2025
236,Cody Williams,Uta,5485080.0,2024-2025
237,Alperen Sengun,Hou,5424654.0,2024-2025
238,Johnny Davis,Was,5291160.0,2024-2025
239,Jett Howard,Orl,5278320.0,2024-2025
240,Haywood Highsmith,Mia,5200000.0,2024-2025
241,Matas Buzelis,Chi,5195520.0,2024-2025
242,Kris Dunn,Lac,5168000.0,2024-2025
243,Dario Saric,Den,5168000.0,2024-2025
244,Trey Murphy III,Nop,5159855.0,2024-2025
245,Ousmane Dieng,Okc,5027040.0,2024-2025
246,Dereck Lively II,Dal,5014560.0,2024-2025
247,Nick Richards,Phx,5000000.0,2024-2025
248,Andre Drummond,Phi,5000000.0,2024-2025
249,Drew Eubanks,Lac,5000000.0,2024-2025
250,Nikola Topic,Okc,4935960.0,2024-2025
251,Tre Mann,Cha,4908189.0,2024-2025
252,Jalen Williams,Okc,4775760.0,2024-2025
253,Gradey Dick,Tor,4763760.0,2024-2025
254,Jalen McDaniels,Was,4741800.0,2024-2025
255,Miles McBride,Nyk,4710144.0,2024-2025
256,Devin Carter,Sac,4702800.0,2024-2025
257,Nicolas Batum,Lac,4668000.0,2024-2025
258,Aaron Holiday,Hou,4668000.0,2024-2025
259,Jalen Duren,Det,4536840.0,2024-2025
260,Jordan Hawkins,Nop,4525680.0,2024-2025
261,Jalen Johnson,Atl,4510905.0,2024-2025
262,Bub Carrington,Was,4454880.0,2024-2025
263,Isaiah Jackson,Ind,4435381.0,2024-2025
264,Nickeil Alexander-Walker,Min,4312500.0,2024-2025
265,Ochai Agbaji,Tor,4310280.0,2024-2025
266,Kobe Bufkin,Atl,4299000.0,2024-2025
267,Quentin Grimes,Phi,4296615.0,2024-2025
268,Kel'el Ware,Mia,4231800.0,2024-2025
269,Bones Hyland,Min,4158439.0,2024-2025
270,Mark Williams,Cha,4094280.0,2024-2025
271,Keyonte George,Uta,4084200.0,2024-2025
272,Cam Thomas,Bkn,4041249.0,2024-2025
273,Jared McCain,Phi,4032240.0,2024-2025
274,Dwight Powell,Dal,4000000.0,2024-2025
275,Day'Ron Sharpe,Bkn,3989122.0,2024-2025
276,Santi Aldama,Mem,3960531.0,2024-2025
277,Amir Coffey,Lac,3938271.0,2024-2025
278,AJ Griffin,Hou,3889920.0,2024-2025
279,Jalen Hood-Schifino,Phi,3879840.0,2024-2025
280,Kevin Love,Mia,3850000.0,2024-2025
281,Dalton Knecht,Lal,3819120.0,2024-2025
282,Tari Eason,Hou,3695160.0,2024-2025
283,Jaime Jaquez Jr.,Mia,3685800.0,2024-2025
284,Tristan da Silva,Orl,3628440.0,2024-2025
285,Ja'Kobe Walter,Tor,3565000.0,2024-2025
286,Brandin Podziemski,Gsw,3519960.0,2024-2025
287,Dalen Terry,Chi,3510480.0,2024-2025
288,Svi Mykhailiuk,Uta,3500000.0,2024-2025
289,Cody Zeller,Hou,3500000.0,2024-2025
290,Cam Whitmore,Hou,3379080.0,2024-2025
291,Derrick Rose,Mem,3356271.0,2024-2025
292,Jake LaRavia,Sac,3352680.0,2024-2025
293,Jaylon Tyson,Cle,3326160.0,2024-2025
294,Eric Gordon,Phi,3303771.0,2024-2025
295,Cory Joseph,Orl,3303771.0,2024-2025
296,Russell Westbrook,Den,3303771.0,2024-2025
297,Noah Clowney,Bkn,3244080.0,2024-2025
298,Malaki Branham,Sas,3217920.0,2024-2025
299,Yves Missi,Nop,3202560.0,2024-2025
300,Dante Exum,Dal,3150000.0,2024-2025
301,Dariq Whitehead,Bkn,3114240.0,2024-2025
302,Christian Braun,Den,3089640.0,2024-2025
303,Johnny Juzang,Uta,3087519.0,2024-2025
304,DaRon Holmes II,Den,3065640.0,2024-2025
305,Josh Richardson,Mia,3051153.0,2024-2025
306,Christian Wood,Lal,3036040.0,2024-2025
307,Kyle Filipowski,Uta,3000000.0,2024-2025
308,Ajay Mitchell,Okc,3000000.0,2024-2025
309,Julian Champagnie,Sas,3000000.0,2024-2025
310,Kris Murray,Por,2990040.0,2024-2025
311,Walker Kessler,Uta,2965920.0,2024-2025
312,Shake Milton,Lal,2875000.0,2024-2025
313,Olivier-Maxence Prosper,Dal,2869920.0,2024-2025
314,David Roddy,Hou,2847240.0,2024-2025
315,Torrey Craig,Bos,2845342.0,2024-2025
316,Kyshawn George,Was,2825520.0,2024-2025
317,AJ Johnson,Was,2795294.0,2024-2025
318,Marcus Sasser,Det,2755080.0,2024-2025
319,MarJon Beauchamp,Nyk,2733720.0,2024-2025
320,Trendon Watford,Bkn,2726603.0,2024-2025
321,Ben Sheppard,Ind,2663880.0,2024-2025
322,Omer Yurtseven,Uta,2660000.0,2024-2025
323,Keita Bates-Diop,Min,2654644.0,2024-2025
324,Blake Wesley,Sas,2624280.0,2024-2025
325,Dillon Jones,Okc,2622360.0,2024-2025
326,Nick Smith Jr.,Cha,2587200.0,2024-2025
327,Brice Sensabaugh,Uta,2571480.0,2024-2025
328,Ty Jerome,Cle,2560975.0,2024-2025
329,Julian Strawther,Den,2552520.0,2024-2025
330,Terrence Shannon Jr.,Min,2546640.0,2024-2025
331,Ryan Dunn,Phx,2538240.0,2024-2025
332,Wendell Moore Jr.,Cha,2537040.0,2024-2025
333,Kobe Brown,Lac,2533920.0,2024-2025
334,Isaiah Collier,Uta,2520120.0,2024-2025
335,Baylor Scheierman,Bos,2494320.0,2024-2025
336,Nikola Jovic,Mia,2464200.0,2024-2025
337,Darius Bazley,Uta,2463946.0,2024-2025
338,Jaxson Hayes,Lal,2463946.0,2024-2025
339,Cam Reddish,Lal,2463946.0,2024-2025
340,Patrick Baldwin Jr.,Lac,2448840.0,2024-2025
341,DaQuan Jeffries,Cha,2425204.0,2024-2025
342,Tristan Vukcevic,Was,2424892.0,2024-2025
343,Peyton Watson,Den,2413560.0,2024-2025
344,Aleksej Pokusevski,Cha,2273252.0,2024-2025
345,Mamadi Diakite,Phx,2273252.0,2024-2025
346,Charlie Brown Jr.,Mem,2237692.0,2024-2025
347,James Wiseman,Ind,2237691.0,2024-2025
348,Anthony Gill,Was,2237691.0,2024-2025
349,Kevin Porter Jr.,Mil,2237691.0,2024-2025
350,Xavier Tillman,Bos,2237691.0,2024-2025
351,Garrison Mathews,Atl,2230253.0,2024-2025
352,Eugene Omoruyi,Tor,2196970.0,2024-2025
353,Dalano Banton,Por,2196970.0,2024-2025
354,Jeff Dowtin Jr.,Phi,2196970.0,2024-2025
355,Lindy Waters III,Det,2196970.0,2024-2025
356,Kai Jones,Dal,2196970.0,2024-2025
357,Jeremiah Robinson-Earl,Nop,2196970.0,2024-2025
358,Sam Merrill,Cle,2164993.0,2024-2025
359,Duane Washington Jr.,Cha,2162607.0,2024-2025
360,Keon Johnson,Bkn,2162606.0,2024-2025
361,Luka Garza,Min,2162606.0,2024-2025
362,Neemias Queta,Bos,2162606.0,2024-2025
363,Vit Krejci,Atl,2162606.0,2024-2025
364,Vince Williams Jr.,Mem,2120693.0,2024-2025
365,A.J. Lawson,Tor,2120693.0,2024-2025
366,Colby Jones,Was,2120693.0,2024-2025
367,Keon Ellis,Sac,2120693.0,2024-2025
368,Kendall Brown,Bos,2120693.0,2024-2025
369,AJ Green,Mil,2120693.0,2024-2025
370,Stanley Umude,Mil,2120693.0,2024-2025
371,E.J. Liddell,Chi,2120693.0,2024-2025
372,Jericho Sims,Mil,2092344.0,2024-2025
373,Sam Hauser,Bos,2092344.0,2024-2025
374,Jay Huff,Mem,2088033.0,2024-2025
375,Seth Curry,Cha,2087519.0,2024-2025
376,Taj Gibson,Cha,2087519.0,2024-2025
377,Scotty Pippen Jr.,Mem,2087519.0,2024-2025
378,Bruno Fernando,Tor,2087519.0,2024-2025
379,Garrett Temple,Tor,2087519.0,2024-2025
380,Reggie Jackson,Phi,2087519.0,2024-2025
381,Daniel Theis,Nop,2087519.0,2024-2025
382,Charles Bassey,Sas,2087519.0,2024-2025
383,Sandro Mamukelashvili,Sas,2087519.0,2024-2025
384,Jordan McLaughlin,Sas,2087519.0,2024-2025
385,Doug McDermott,Sac,2087519.0,2024-2025
386,Bol Bol,Phx,2087519.0,2024-2025
387,Tyus Jones,Phx,2087519.0,2024-2025
388,Monte Morris,Phx,2087519.0,2024-2025
389,Damion Lee,Phx,2087519.0,2024-2025
390,Mason Plumlee,Phx,2087519.0,2024-2025
391,Guerschon Yabusele,Phi,2087519.0,2024-2025
392,Kyle Lowry,Phi,2087519.0,2024-2025
393,Tyler Kolek,Nyk,2087519.0,2024-2025
394,Delon Wright,Nyk,2087519.0,2024-2025
395,Cameron Payne,Nyk,2087519.0,2024-2025
396,PJ Dozier,Min,2087519.0,2024-2025
397,Joe Ingles,Min,2087519.0,2024-2025
398,Gary Trent Jr.,Mil,2087519.0,2024-2025
399,Taurean Prince,Mil,2087519.0,2024-2025
400,Alec Burks,Mia,2087519.0,2024-2025
401,Markieff Morris,Lal,2087519.0,2024-2025
402,Patty Mills,Lac,2087519.0,2024-2025
403,Thomas Bryant,Ind,2087519.0,2024-2025
404,James Johnson,Ind,2087519.0,2024-2025
405,Vlatko Cancar,Den,2087519.0,2024-2025
406,DeAndre Jordan,Den,2087519.0,2024-2025
407,Spencer Dinwiddie,Dal,2087519.0,2024-2025
408,Tristan Thompson,Cle,2087519.0,2024-2025
409,Talen Horton-Tucker,Chi,2087519.0,2024-2025
410,Mo Bamba,Nop,2087519.0,2024-2025
411,Luke Kornet,Bos,2087519.0,2024-2025
412,Duop Reath,Por,2048780.0,2024-2025
413,Jaylin Williams,Okc,2019699.0,2024-2025
414,Bryce McGowens,Por,2019699.0,2024-2025
415,Jabari Walker,Por,2019699.0,2024-2025
416,Josh Minott,Min,2019699.0,2024-2025
417,Andrew Nembhard,Ind,2019699.0,2024-2025
418,Jaden Hardy,Dal,2019699.0,2024-2025
419,Caleb Houstan,Orl,2019693.0,2024-2025
420,JT Thor,Was,1988598.0,2024-2025
421,Jose Alvarado,Nop,1988598.0,2024-2025
422,Matt Ryan,Nyk,1919558.0,2024-2025
423,Mouhamed Gueye,Atl,1891858.0,2024-2025
424,GG Jackson,Mem,1891857.0,2024-2025
425,Javon Freeman-Liberty,Tor,1891857.0,2024-2025
426,Rayan Rupert,Por,1891857.0,2024-2025
427,Sidy Cissoko,Por,1891857.0,2024-2025
428,Toumani Camara,Por,1891857.0,2024-2025
429,Ricky Council IV,Phi,1891857.0,2024-2025
430,Maxwell Lewis,Bkn,1891857.0,2024-2025
431,Jalen Wilson,Bkn,1891857.0,2024-2025
432,Leonard Miller,Min,1891857.0,2024-2025
433,Chris Livingston,Mil,1891857.0,2024-2025
434,Andre Jackson Jr.,Mil,1891857.0,2024-2025
435,Gui Santos,Gsw,1891857.0,2024-2025
436,Trayce Jackson-Davis,Gsw,1891857.0,2024-2025
437,Jalen Pickett,Den,1891857.0,2024-2025
438,Hunter Tyson,Den,1891857.0,2024-2025
439,Craig Porter Jr.,Cle,1891857.0,2024-2025
440,Julian Phillips,Chi,1891857.0,2024-2025
441,Onuralp Bitim,Chi,1891857.0,2024-2025
442,Jordan Walsh,Bos,1891857.0,2024-2025
443,Jonathan Mogbo,Tor,1862265.0,2024-2025
444,Jamal Shead,Tor,1862265.0,2024-2025
445,Johnny Furphy,Ind,1850842.0,2024-2025
446,Pacome Dadiet,Nyk,1808080.0,2024-2025
447,Justin Champagnie,Was,1800000.0,2024-2025
448,Jae Crowder,Sac,1655619.0,2024-2025
449,Paul Reed,Det,1427671.0,2024-2025
450,Karlo Matkovic,Nop,1407153.0,2024-2025
451,Landry Shamet,Nyk,1343690.0,2024-2025
452,Bobi Klintman,Det,1257153.0,2024-2025
453,Jaylen Wells,Mem,1157153.0,2024-2025
454,Oso Ighodaro,Phx,1157153.0,2024-2025
455,Adem Bona,Phi,1157153.0,2024-2025
456,Tyler Smith,Mil,1157153.0,2024-2025
457,Bronny James,Lal,1157153.0,2024-2025
458,Cam Christie,Lac,1157153.0,2024-2025
459,Antonio Reeves,Nop,1157153.0,2024-2025
460,Pelle Larsson,Mia,1157143.0,2024-2025
461,Ariel Hukporti,Nyk,1064558.0,2024-2025
462,Jordan Miller,Lac,1050000.0,2024-2025
463,Jamison Battle,Tor,1000000.0,2024-2025
464,Branden Carlson,Okc,990895.0,2024-2025
465,Moussa Diabate,Cha,957763.0,2024-2025
466,Lonnie Walker IV,Phi,780932.0,2024-2025
467,Ben Simmons,Lac,755826.0,2024-2025
468,Jared Butler,Phi,745726.0,2024-2025
469,Alex Len,Lal,743829.0,2024-2025
470,Markelle Fultz,Sac,731831.0,2024-2025
471,Keshad Johnson,Mia,724883.0,2024-2025
472,Tyrese Martin,Bkn,635853.0,2024-2025
473,Jaden Springer,Uta,634437.0,2024-2025
474,Javonte Green,Cle,599862.0,2024-2025
475,Brandon Boston,Nop,596581.0,2024-2025
476,Nate Williams,Hou,515881.0,2024-2025
477,Bismack Biyombo,Sas,503884.0,2024-2025
478,Orlando Robinson,Tor,491887.0,2024-2025
479,Ryan Rollins,Mil,491887.0,2024-2025
480,Dominick Barlow,Atl,491887.0,2024-2025
481,Quinten Post,Gsw,438920.0,2024-2025
482,Pat Spencer,Gsw,438810.0,2024-2025
483,Jaylen Clark,Min,429323.0,2024-2025
484,Justin Edwards,Phi,425619.0,2024-2025
485,Lamar Stevens,Mem,383912.0,2024-2025
486,Tony Bradley,Ind,330394.0,2024-2025
487,Kevin Knox II,Gsw,263939.0,2024-2025
488,P.J. Tucker,Nyk,246833.0,2024-2025
489,Jordan Goodwin,Lal,223718.0,2024-2025
490,Isaac Jones,Sac,152957.0,2024-2025
491,Drew Timme,Bkn,113055.0,2024-2025
1,Stephen Curry,Gsw,59606817.0,2025-2026
2,Joel Embiid,Phi,55224526.0,2025-2026
3,Nikola Jokic,Den,55224526.0,2025-2026
4,Kevin Durant,Hou,54708609.0,2025-2026
5,Karl-Anthony Towns,Nyk,54126450.0,2025-2026
6,Giannis Antetokounmpo,Mil,54126450.0,2025-2026
7,Luka Doncic,Lal,54126450.0,2025-2026
8,Jimmy Butler III,Gsw,54126450.0,2025-2026
9,Anthony Davis,Dal,54126450.0,2025-2026
10,Jayson Tatum,Bos,54126450.0,2025-2026
11,Bradley Beal,Lac,53666270.0,2025-2026
12,Devin Booker,Phx,53142264.0,2025-2026
13,Jaylen Brown,Bos,53142264.0,2025-2026
14,LeBron James,Lal,52627153.0,2025-2026
15,Paul George,Phi,51666090.0,2025-2026
16,Kawhi Leonard,Lac,50000000.0,2025-2026
17,Zach LaVine,Sac,47499660.0,2025-2026
18,Trae Young,Atl,46394100.0,2025-2026
19,Lauri Markkanen,Uta,46394100.0,2025-2026
20,Cade Cunningham,Det,46394100.0,2025-2026
21,Jamal Murray,Den,46394100.0,2025-2026
22,Evan Mobley,Cle,46394100.0,2025-2026
23,Donovan Mitchell,Cle,46394100.0,2025-2026
24,Anthony Edwards,Min,45550512.0,2025-2026
25,Tyrese Haliburton,Ind,45550512.0,2025-2026
26,Pascal Siakam,Ind,45550512.0,2025-2026
27,Domantas Sabonis,Sac,43636000.0,2025-2026
28,OG Anunoby,Nyk,39568966.0,2025-2026
29,Ja Morant,Mem,39446090.0,2025-2026
30,Darius Garland,Cle,39446090.0,2025-2026
31,Zion Williamson,Nop,39446090.0,2025-2026
32,James Harden,Lac,39182692.0,2025-2026
33,Scottie Barnes,Tor,38661750.0,2025-2026
34,Franz Wagner,Orl,38661750.0,2025-2026
35,Shai Gilgeous-Alexander,Okc,38333050.0,2025-2026
36,Michael Porter Jr.,Bkn,38333050.0,2025-2026
37,Brandon Ingram,Tor,38095238.0,2025-2026
38,LaMelo Ball,Cha,37958760.0,2025-2026
39,Tyrese Maxey,Phi,37958760.0,2025-2026
40,De'Aaron Fox,Sas,37096620.0,2025-2026
41,Bam Adebayo,Mia,37096620.0,2025-2026
42,Desmond Bane,Orl,36725670.0,2025-2026
43,Kyrie Irving,Dal,36566002.0,2025-2026
44,Jalen Suggs,Orl,35000000.0,2025-2026
45,Rudy Gobert,Min,35000000.0,2025-2026
46,Jalen Brunson,Nyk,34944001.0,2025-2026
47,Alperen Sengun,Hou,33944954.0,2025-2026
48,Khris Middleton,Was,33926296.0,2025-2026
49,Jalen Green,Phx,33548499.0,2025-2026
50,Immanuel Quickley,Tor,32500000.0,2025-2026
51,Jrue Holiday,Por,32400000.0,2025-2026
52,Jerami Grant,Por,32000000.0,2025-2026
53,Jordan Poole,Nop,31848215.0,2025-2026
54,Tyler Herro,Mia,31000000.0,2025-2026
55,Julius Randle,Min,30864198.0,2025-2026
56,Dejounte Murray,Nop,30801103.0,2025-2026
57,Kristaps Porzingis,Atl,30731707.0,2025-2026
58,CJ McCollum,Atl,30666666.0,2025-2026
59,Jalen Johnson,Atl,30000000.0,2025-2026
60,Isaiah Hartenstein,Okc,28500000.0,2025-2026
61,Andrew Wiggins,Mia,28223214.0,2025-2026
62,Derrick White,Bos,28100001.0,2025-2026
63,RJ Barrett,Tor,27705357.0,2025-2026
64,Anfernee Simons,Bos,27678571.0,2025-2026
65,Devin Vassell,Sas,27000000.0,2025-2026
66,Terry Rozier,Mia,26643031.0,2025-2026
67,Tobias Harris,Det,26634146.0,2025-2026
68,John Collins,Lac,26580000.0,2025-2026
69,Draymond Green,Gsw,25892857.0,2025-2026
70,Nic Claxton,Bkn,25352272.0,2025-2026
71,Myles Turner,Mil,25318251.0,2025-2026
72,Miles Bridges,Cha,25000000.0,2025-2026
73,Josh Giddey,Chi,25000000.0,2025-2026
74,Trey Murphy III,Nop,25000000.0,2025-2026
75,Mikal Bridges,Nyk,24900000.0,2025-2026
76,Jaden McDaniels,Min,24858622.0,2025-2026
77,DeMar DeRozan,Sac,24570000.0,2025-2026
78,Fred VanVleet,Hou,24038462.0,2025-2026
79,Jaren Jackson Jr.,Mem,23413395.0,2025-2026
80,De'Andre Hunter,Cle,23303571.0,2025-2026
81,Aaron Gordon,Den,22841455.0,2025-2026
82,Jonathan Kuminga,Gsw,22500000.0,2025-2026
83,Dillon Brooks,Phx,22124110.0,2025-2026
84,Kyle Kuzma,Mil,21810605.0,2025-2026
85,Kentavious Caldwell-Pope,Mem,21621500.0,2025-2026
86,Naz Reid,Min,21551724.0,2025-2026
87,Nikola Vucevic,Chi,21481481.0,2025-2026
88,Cameron Johnson,Den,21057065.0,2025-2026
89,Norman Powell,Mia,20482758.0,2025-2026
90,Jarrett Allen,Cle,20000000.0,2025-2026
91,Jakob Poeltl,Tor,19500000.0,2025-2026
92,Josh Hart,Nyk,19472240.0,2025-2026
93,Jusuf Nurkic,Uta,19375000.0,2025-2026
94,Collin Sexton,Cha,19170000.0,2025-2026
95,Harrison Barnes,Sas,19000000.0,2025-2026
96,Malik Monk,Sac,18797618.0,2025-2026
97,Santi Aldama,Mem,18485916.0,2025-2026
98,Rui Hachimura,Lal,18259259.0,2025-2026
99,Luguentz Dort,Okc,18222222.0,2025-2026
100,Alex Caruso,Okc,18102000.0,2025-2026
101,Ivica Zubac,Lac,18102000.0,2025-2026
102,Andrew Nembhard,Ind,18102000.0,2025-2026
103,Zach Collins,Chi,18080496.0,2025-2026
104,Patrick Williams,Chi,18000000.0,2025-2026
105,Kevin Huerter,Chi,17991071.0,2025-2026
106,Keldon Johnson,Sas,17500000.0,2025-2026
107,Grayson Allen,Phx,16875000.0,2025-2026
108,Duncan Robinson,Det,16834692.0,2025-2026
109,Klay Thompson,Dal,16666667.0,2025-2026
110,Bogdan Bogdanovic,Lac,16020000.0,2025-2026
111,Max Strus,Cle,15936452.0,2025-2026
112,Terance Mann,Bkn,15500000.0,2025-2026
113,Paolo Banchero,Orl,15334769.0,2025-2026
114,Nickeil Alexander-Walker,Atl,15161800.0,2025-2026
115,Jonathan Isaac,Orl,15000000.0,2025-2026
116,Isaiah Stewart,Det,15000000.0,2025-2026
117,Onyeka Okongwu,Atl,15000000.0,2025-2026
118,Cooper Flagg,Dal,14386320.0,2025-2026
119,Daniel Gafford,Dal,14386320.0,2025-2026
120,Deni Avdija,Por,14375000.0,2025-2026
121,P.J. Washington,Dal,14152174.0,2025-2026
122,Steven Adams,Hou,14130434.0,2025-2026
123,Dennis Schroder,Sac,14104000.0,2025-2026
124,Damian Lillard,Por,14104000.0,2025-2026
125,Caris LeVert,Det,14104000.0,2025-2026
126,Obi Toppin,Ind,14000000.0,2025-2026
127,Corey Kispert,Atl,13975000.0,2025-2026
128,Austin Reaves,Lal,13937574.0,2025-2026
129,Herbert Jones,Nop,13937574.0,2025-2026
130,Chet Holmgren,Okc,13731368.0,2025-2026
131,Josh Green,Cha,13666667.0,2025-2026
132,Grant Williams,Cha,13645500.0,2025-2026
133,Bobby Portis,Mil,13580247.0,2025-2026
134,Kelly Olynyk,Sas,13445122.0,2025-2026
135,Victor Wembanyama,Sas,13376880.0,2025-2026
136,Robert Williams III,Por,13285713.0,2025-2026
137,Richaun Holmes,Was,13280737.0,2025-2026
138,Zaccharie Risacher,Atl,13197720.0,2025-2026
139,Mitchell Robinson,Nyk,12954546.0,2025-2026
140,Coby White,Chi,12888889.0,2025-2026
141,Dorian Finney-Smith,Hou,12700000.0,2025-2026
142,Brandon Clarke,Mem,12500000.0,2025-2026
143,Dylan Harper,Sas,12370320.0,2025-2026
144,Isaiah Joe,Okc,12362338.0,2025-2026
145,Jabari Smith Jr.,Hou,12350392.0,2025-2026
146,Donte DiVincenzo,Min,11990000.0,2025-2026
147,Brandon Miller,Cha,11968800.0,2025-2026
148,Alex Sarr,Was,11808240.0,2025-2026
149,Davion Mitchell,Mia,11600000.0,2025-2026
150,Moses Moody,Gsw,11574074.0,2025-2026
151,Jarred Vanderbilt,Lal,11571429.0,2025-2026
152,Matisse Thybulle,Por,11550000.0,2025-2026
153,Gabe Vincent,Lal,11500000.0,2025-2026
154,Keegan Murray,Sac,11144093.0,2025-2026
155,VJ Edgecombe,Phi,11108880.0,2025-2026
156,Luke Kornet,Sas,11000000.0,2025-2026
157,Maxi Kleber,Lal,11000000.0,2025-2026
158,Aaron Nesmith,Ind,11000000.0,2025-2026
159,Isaac Okoro,Chi,11000000.0,2025-2026
160,Luke Kennard,Atl,11000000.0,2025-2026
161,Wendell Carter Jr.,Orl,10850000.0,2025-2026
162,Mike Conley,Min,10774038.0,2025-2026
163,Scoot Henderson,Por,10748040.0,2025-2026
164,Reed Sheppard,Hou,10603560.0,2025-2026
165,Jonas Valanciunas,Den,10395000.0,2025-2026
166,T.J. McConnell,Ind,10200000.0,2025-2026
167,Royce O'Neale,Phx,10125000.0,2025-2026
168,Jaden Ivey,Det,10107163.0,2025-2026
169,Aaron Wiggins,Okc,10102802.0,2025-2026
170,Sam Hauser,Bos,10044643.0,2025-2026
171,Kon Knueppel,Cha,10015680.0,2025-2026
172,Derrick Jones Jr.,Lac,10000000.0,2025-2026
173,Lonzo Ball,Cle,10000000.0,2025-2026
174,Amen Thompson,Hou,9690600.0,2025-2026
175,Caleb Martin,Dal,9594044.0,2025-2026
176,Stephon Castle,Sas,9560520.0,2025-2026
177,Pat Connaughton,Cha,9423869.0,2025-2026
178,Kyle Anderson,Uta,9219512.0,2025-2026
179,Buddy Hield,Gsw,9219512.0,2025-2026
180,Bennedict Mathurin,Ind,9187573.0,2025-2026
181,Ace Bailey,Uta,9069840.0,2025-2026
182,Naji Marshall,Dal,9000000.0,2025-2026
183,Jalen Smith,Chi,9000000.0,2025-2026
184,Ty Jerome,Mem,8781000.0,2025-2026
185,Ausar Thompson,Det,8775000.0,2025-2026
186,Brook Lopez,Lac,8750000.0,2025-2026
187,Quentin Grimes,Phi,8741209.0,2025-2026
188,Cody Martin,Ind,8680000.0,2025-2026
189,Ronald Holland II,Det,8657280.0,2025-2026
190,Sam Merrill,Cle,8482143.0,2025-2026
191,Jaylin Williams,Okc,8450794.0,2025-2026
192,Shaedon Sharpe,Por,8399983.0,2025-2026
193,Kelly Oubre Jr.,Phi,8382150.0,2025-2026
194,Goga Bitadze,Orl,8333333.0,2025-2026
195,Simone Fontecchio,Mia,8307692.0,2025-2026
196,Tre Johnson,Was,8237640.0,2025-2026
197,Georges Niang,Uta,8200000.0,2025-2026
198,Zeke Nnaji,Den,8177778.0,2025-2026
199,Deandre Ayton,Lal,8104000.0,2025-2026
200,KJ Martin,Uta,8025000.0,2025-2026
201,Tre Mann,Cha,8000000.0,2025-2026
202,Jock Landale,Mem,8000000.0,2025-2026
203,Tre Jones,Chi,8000000.0,2025-2026
204,Kevon Looney,Nop,8000000.0,2025-2026
205,Anthony Black,Orl,7970280.0,2025-2026
206,Tidjane Salaun,Cha,7863240.0,2025-2026
207,Josh Okogie,Hou,7750000.0,2025-2026
208,Max Christie,Dal,7714286.0,2025-2026
209,Dyson Daniels,Atl,7707709.0,2025-2026
210,Jeremiah Fears,Nop,7520040.0,2025-2026
211,Ayo Dosunmu,Chi,7518519.0,2025-2026
212,Bilal Coulibaly,Was,7275600.0,2025-2026
213,Payton Pritchard,Bos,7232143.0,2025-2026
214,Donovan Clingan,Por,7178400.0,2025-2026
215,Kenrich Williams,Okc,7163000.0,2025-2026
216,Jeremy Sochan,Sas,7096231.0,2025-2026
217,Tyus Jones,Orl,7000000.0,2025-2026
218,Isaiah Jackson,Ind,7000000.0,2025-2026
219,Egor Demin,Bkn,6889200.0,2025-2026
220,Jevon Carter,Chi,6809524.0,2025-2026
221,Clint Capela,Hou,6700000.0,2025-2026
222,Ousmane Dieng,Okc,6670882.0,2025-2026
223,Jarace Walker,Ind,6665520.0,2025-2026
224,Dean Wade,Cle,6623456.0,2025-2026
225,Jalen Williams,Okc,6580997.0,2025-2026
226,Rob Dillingham,Min,6576120.0,2025-2026
227,Jalen Duren,Det,6483144.0,2025-2026
228,Ochai Agbaji,Tor,6383525.0,2025-2026
229,Collin Murray-Boyles,Tor,6332520.0,2025-2026
230,Mark Williams,Phx,6276531.0,2025-2026
231,Ziaire Williams,Bkn,6250000.0,2025-2026
232,Day'Ron Sharpe,Bkn,6250000.0,2025-2026
233,John Konchar,Mem,6165000.0,2025-2026
234,Taylor Hendricks,Uta,6127080.0,2025-2026
235,Saddiq Bey,Nop,6118644.0,2025-2026
236,Zach Edey,Mem,6045000.0,2025-2026
237,Khaman Maluach,Phx,6016080.0,2025-2026
238,Jake LaRavia,Lal,6000000.0,2025-2026
239,Jaden Hardy,Dal,6000000.0,2025-2026
240,Cam Thomas,Bkn,5993172.0,2025-2026
241,Cason Wallace,Okc,5820240.0,2025-2026
242,Cody Williams,Uta,5742480.0,2025-2026
243,Cedric Coward,Mem,5715120.0,2025-2026
244,Al Horford,Gsw,5685000.0,2025-2026
245,D'Angelo Russell,Dal,5685000.0,2025-2026
246,Tari Eason,Hou,5675766.0,2025-2026
247,Haywood Highsmith,Bkn,5616000.0,2025-2026
248,Nicolas Batum,Lac,5601600.0,2025-2026
249,Jett Howard,Orl,5529720.0,2025-2026
250,Guerschon Yabusele,Nyk,5500000.0,2025-2026
251,Matas Buzelis,Chi,5455560.0,2025-2026
252,Noa Essengue,Chi,5429520.0,2025-2026
253,Dario Saric,Sac,5426000.0,2025-2026
254,Kris Dunn,Lac,5426000.0,2025-2026
255,Dalen Terry,Chi,5399118.0,2025-2026
256,Paul Reed,Det,5335894.0,2025-2026
257,Dereck Lively II,Dal,5253360.0,2025-2026
258,Nikola Topic,Okc,5182920.0,2025-2026
259,Derik Queen,Nop,5157960.0,2025-2026
260,Kevin Porter Jr.,Mil,5134000.0,2025-2026
261,Marcus Smart,Lal,5134000.0,2025-2026
262,Nick Richards,Phx,5000000.0,2025-2026
263,Andre Drummond,Phi,5000000.0,2025-2026
264,Moritz Wagner,Orl,5000000.0,2025-2026
265,Gradey Dick,Tor,4990560.0,2025-2026
266,Malaki Branham,Was,4962033.0,2025-2026
267,Devin Carter,Sac,4923720.0,2025-2026
268,Christian Braun,Den,4921797.0,2025-2026
269,Carter Bryant,Sas,4900320.0,2025-2026
270,Walker Kessler,Uta,4878938.0,2025-2026
271,Jordan Hawkins,Nop,4741320.0,2025-2026
272,Blake Wesley,Por,4726328.0,2025-2026
273,Bub Carrington,Was,4677600.0,2025-2026
274,Thomas Sorber,Okc,4655040.0,2025-2026
275,Kobe Bufkin,Lal,4503720.0,2025-2026
276,Jose Alvarado,Nop,4500000.0,2025-2026
277,Nikola Jovic,Mia,4445417.0,2025-2026
278,Kel'el Ware,Mia,4443360.0,2025-2026
279,Yang Hansen,Por,4422360.0,2025-2026
280,Peyton Watson,Den,4356476.0,2025-2026
281,Miles McBride,Nyk,4333333.0,2025-2026
282,Keyonte George,Uta,4278960.0,2025-2026
283,Jared McCain,Phi,4221360.0,2025-2026
284,Joan Beringer,Min,4201080.0,2025-2026
285,Kevin Love,Uta,4150000.0,2025-2026
286,Dalton Knecht,Lal,4010160.0,2025-2026
287,Ryan Rollins,Mil,4000000.0,2025-2026
288,Dwight Powell,Dal,4000000.0,2025-2026
289,Walter Clayton Jr.,Uta,3991320.0,2025-2026
290,Jaime Jaquez Jr.,Mia,3861600.0,2025-2026
291,Nolan Traore,Bkn,3811560.0,2025-2026
292,Tristan da Silva,Orl,3809520.0,2025-2026
293,Gary Trent Jr.,Mil,3697105.0,2025-2026
294,Brandin Podziemski,Gsw,3687960.0,2025-2026
295,Svi Mykhailiuk,Uta,3675000.0,2025-2026
296,Kasparas Jakucionis,Mia,3658800.0,2025-2026
297,Ja'Kobe Walter,Tor,3638160.0,2025-2026
298,Gary Harris,Mil,3634153.0,2025-2026
299,Cam Whitmore,Was,3539760.0,2025-2026
300,Will Riley,Was,3512520.0,2025-2026
301,Jaylon Tyson,Cle,3492480.0,2025-2026
302,Eric Gordon,Phi,3468960.0,2025-2026
303,Jaxson Hayes,Lal,3449324.0,2025-2026
304,Noah Clowney,Bkn,3398640.0,2025-2026
305,Drake Powell,Bkn,3372240.0,2025-2026
306,Yves Missi,Nop,3353040.0,2025-2026
307,Taurean Prince,Mil,3303774.0,2025-2026
308,Dariq Whitehead,Okc,3262560.0,2025-2026
309,Asa Newell,Atl,3237480.0,2025-2026
310,DaRon Holmes II,Den,3218760.0,2025-2026
311,Kris Murray,Por,3132000.0,2025-2026
312,Nique Clifford,Sac,3108120.0,2025-2026
313,AJ Johnson,Was,3090480.0,2025-2026
314,De'Anthony Melton,Gsw,3080921.0,2025-2026
315,Olivier-Maxence Prosper,Mem,3007080.0,2025-2026
316,Kyle Filipowski,Uta,3000000.0,2025-2026
317,Ajay Mitchell,Okc,3000000.0,2025-2026
318,Julian Champagnie,Sas,3000000.0,2025-2026
319,Shake Milton,Lal,3000000.0,2025-2026
320,Jase Richardson,Orl,2983320.0,2025-2026
321,Kyshawn George,Was,2966760.0,2025-2026
322,Marcus Sasser,Det,2886720.0,2025-2026
323,Ben Saraf,Bkn,2884560.0,2025-2026
324,Pacome Dadiet,Nyk,2847600.0,2025-2026
325,Danny Wolf,Bkn,2801280.0,2025-2026
326,Ben Sheppard,Ind,2790720.0,2025-2026
327,Hugo Gonzalez,Bos,2783880.0,2025-2026
328,Liam McNeeley,Cha,2763960.0,2025-2026
329,Dillon Jones,Nyk,2753280.0,2025-2026
330,Yanic Konan Niederhauser,Lac,2743800.0,2025-2026
331,DaQuan Jeffries,Cha,2743776.0,2025-2026
332,Nick Smith Jr.,Lal,2710680.0,2025-2026
333,Brice Sensabaugh,Uta,2693760.0,2025-2026
334,Julian Strawther,Den,2674200.0,2025-2026
335,Terrence Shannon Jr.,Min,2674080.0,2025-2026
336,James Wiseman,Ind,2667947.0,2025-2026
337,Ryan Dunn,Phx,2657760.0,2025-2026
338,Isaiah Collier,Uta,2638200.0,2025-2026
339,Baylor Scheierman,Bos,2619000.0,2025-2026
340,Anthony Gill,Was,2546675.0,2025-2026
341,Terence Davis,Sac,2546675.0,2025-2026
342,Xavier Tillman,Bos,2546675.0,2025-2026
343,Cam Spencer,Mem,2537989.0,2025-2026
344,Sandro Mamukelashvili,Tor,2461463.0,2025-2026
345,Trendon Watford,Phi,2461463.0,2025-2026
346,Jericho Sims,Mil,2461463.0,2025-2026
347,Luka Garza,Bos,2461463.0,2025-2026
348,Dru Smith,Mia,2378870.0,2025-2026
349,Josh Minott,Bos,2378870.0,2025-2026
350,Justin Champagnie,Was,2349578.0,2025-2026
351,Jared Butler,Phx,2349578.0,2025-2026
352,Jordan Goodwin,Phx,2349578.0,2025-2026
353,Keon Johnson,Bkn,2349578.0,2025-2026
354,Jay Huff,Ind,2349578.0,2025-2026
355,Jaden Springer,Nop,2349578.0,2025-2026
356,Neemias Queta,Bos,2349578.0,2025-2026
357,Vit Krejci,Atl,2349578.0,2025-2026
358,Vince Williams Jr.,Mem,2301587.0,2025-2026
359,Keon Ellis,Sac,2301587.0,2025-2026
360,AJ Green,Mil,2301587.0,2025-2026
361,Sion James,Cha,2296274.0,2025-2026
362,Ryan Kalkbrenner,Cha,2296274.0,2025-2026
363,Spencer Dinwiddie,Cha,2296274.0,2025-2026
364,Mason Plumlee,Cha,2296274.0,2025-2026
365,Garrett Temple,Tor,2296274.0,2025-2026
366,Marvin Bagley III,Was,2296274.0,2025-2026
367,Lindy Waters III,Sas,2296274.0,2025-2026
368,Jordan McLaughlin,Sas,2296274.0,2025-2026
369,Bismack Biyombo,Sas,2296274.0,2025-2026
370,Drew Eubanks,Sac,2296274.0,2025-2026
371,Doug McDermott,Sac,2296274.0,2025-2026
372,Russell Westbrook,Sac,2296274.0,2025-2026
373,Collin Gillespie,Phx,2296274.0,2025-2026
374,Nigel Hayes-Davis,Phx,2296274.0,2025-2026
375,Kyle Lowry,Phi,2296274.0,2025-2026
376,Landry Shamet,Nyk,2296274.0,2025-2026
377,Jordan Clarkson,Nyk,2296274.0,2025-2026
378,Bones Hyland,Min,2296274.0,2025-2026
379,Joe Ingles,Min,2296274.0,2025-2026
380,Cole Anthony,Mil,2296274.0,2025-2026
381,Amir Coffey,Mil,2296274.0,2025-2026
382,Thanasis Antetokounmpo,Mil,2296274.0,2025-2026
383,Chris Paul,Lac,2296274.0,2025-2026
384,Jae'Sean Tate,Hou,2296274.0,2025-2026
385,Jeff Green,Hou,2296274.0,2025-2026
386,Gary Payton II,Gsw,2296274.0,2025-2026
387,Javonte Green,Det,2296274.0,2025-2026
388,Bruce Brown,Den,2296274.0,2025-2026
389,Tim Hardaway Jr.,Den,2296274.0,2025-2026
390,Dante Exum,Dal,2296274.0,2025-2026
391,Thomas Bryant,Cle,2296274.0,2025-2026
392,Larry Nance Jr.,Cle,2296274.0,2025-2026
393,Chris Boucher,Bos,2296274.0,2025-2026
394,Keaton Wallace,Atl,2296274.0,2025-2026
395,Maxwell Lewis,Bkn,2271677.0,2025-2026
396,Moussa Diabate,Cha,2270735.0,2025-2026
397,Scotty Pippen Jr.,Mem,2270735.0,2025-2026
398,A.J. Lawson,Tor,2270735.0,2025-2026
399,Dominick Barlow,Phi,2270735.0,2025-2026
400,Nate Williams,Lal,2270735.0,2025-2026
401,JD Davison,Hou,2270735.0,2025-2026
402,Brandon Williams,Dal,2270735.0,2025-2026
403,DeAndre Jordan,Nop,2269880.0,2025-2026
404,GG Jackson,Mem,2221677.0,2025-2026
405,Rayan Rupert,Por,2221677.0,2025-2026
406,Toumani Camara,Por,2221677.0,2025-2026
407,Duop Reath,Por,2221677.0,2025-2026
408,Ricky Council IV,Phi,2221677.0,2025-2026
409,Jalen Wilson,Bkn,2221677.0,2025-2026
410,Leonard Miller,Min,2221677.0,2025-2026
411,Andre Jackson Jr.,Mil,2221677.0,2025-2026
412,Gui Santos,Gsw,2221677.0,2025-2026
413,Trayce Jackson-Davis,Gsw,2221677.0,2025-2026
414,Colby Jones,Det,2221677.0,2025-2026
415,Jalen Pickett,Den,2221677.0,2025-2026
416,Hunter Tyson,Den,2221677.0,2025-2026
417,Craig Porter Jr.,Cle,2221677.0,2025-2026
418,Julian Phillips,Chi,2221677.0,2025-2026
419,Jordan Walsh,Bos,2221677.0,2025-2026
420,Mouhamed Gueye,Atl,2221677.0,2025-2026
421,Colin Castleton,Orl,2191897.0,2025-2026
422,Tyler Kolek,Nyk,2191897.0,2025-2026
423,Tyrese Martin,Bkn,2191897.0,2025-2026
424,Jaylen Clark,Min,2191897.0,2025-2026
425,Jordan Miller,Lac,2191897.0,2025-2026
426,Caleb Houstan,Atl,2187451.0,2025-2026
427,Precious Achiuwa,Sac,2111516.0,2025-2026
428,Justin Edwards,Phi,2048494.0,2025-2026
429,N'Faly Dante,Atl,2048494.0,2025-2026
430,Antonio Reeves,Cha,1955377.0,2025-2026
431,Jaylen Wells,Mem,1955377.0,2025-2026
432,Jonathan Mogbo,Tor,1955377.0,2025-2026
433,Jamal Shead,Tor,1955377.0,2025-2026
434,Jamison Battle,Tor,1955377.0,2025-2026
435,Oso Ighodaro,Phx,1955377.0,2025-2026
436,Adem Bona,Phi,1955377.0,2025-2026
437,Ariel Hukporti,Nyk,1955377.0,2025-2026
438,Pelle Larsson,Mia,1955377.0,2025-2026
439,Keshad Johnson,Mia,1955377.0,2025-2026
440,Bronny James,Lal,1955377.0,2025-2026
441,Drew Timme,Lal,1955377.0,2025-2026
442,Cam Christie,Lac,1955377.0,2025-2026
443,Johnny Furphy,Ind,1955377.0,2025-2026
444,Tyler Smith,Hou,1955377.0,2025-2026
445,Isaac Jones,Det,1955377.0,2025-2026
446,Bobi Klintman,Det,1955377.0,2025-2026
447,Karlo Matkovic,Nop,1955377.0,2025-2026
448,Quinten Post,Gsw,1935377.0,2025-2026
449,Seth Curry,Gsw,1755198.0,2025-2026
450,Micah Potter,Ind,1527805.0,2025-2026
451,Chaz Lanier,Det,1372870.0,2025-2026
452,Micah Peavy,Nop,1272970.0,2025-2026
453,Maxime Raynaud,Sac,1272870.0,2025-2026
454,Rasheer Fleming,Phx,1272870.0,2025-2026
455,Johni Broome,Phi,1272870.0,2025-2026
456,Noah Penda,Orl,1272870.0,2025-2026
457,Mohamed Diawara,Nyk,1272870.0,2025-2026
458,Adou Thiero,Lal,1272870.0,2025-2026
459,Kam Jones,Ind,1272870.0,2025-2026
460,Will Richard,Gsw,1272870.0,2025-2026
461,Tyrese Proctor,Cle,1272870.0,2025-2026
462,Nikola Durisic,Atl,1272870.0,2025-2026
